i,j,weight,stability
DeepSeek-V3.1,Llama-4,0.1490561305447371,0.97
DeepSeek-V3.2,Phi-4-reasoning-vision-15B,0.1216472307102164,0.848
DeepSeek-V4,Llama-3,0.11333841417276587,0.81
Devstral-2,Mistral-Small-3.2,0.10915416616916884,0.756
Mistral-Small-3,Qwen2,0.10727714118019487,0.694
Devstral-2,Phi-1.5,0.1133548333348551,0.676
Llama-2,Phi-4-reasoning-vision-15B,0.11084582471426094,0.656
Phi-3.5,Phi-4-reasoning-vision-15B,0.11542687327877406,0.624
Ministral-3,Phi-4,0.10944485860714956,0.618
Phi-1,Phi-1.5,0.10000727222577967,0.612
Phi-4,Qwen-7B,0.1044423618453495,0.612
Llama-3.1,Mixtral-8x22B,0.10165409866214553,0.606
DeepSeek-R1,Phi-3.5,0.0989438796328058,0.596
Mistral-Large-2,Mistral-Medium-3,0.09471292431553921,0.55
Gemma-4-12B,Phi-3.5,0.09766729982427996,0.548
Llama-4,Phi-3,0.09727134678431193,0.548
Gemma-2,Gemma-3,0.10345578818050608,0.544
Llama-1,Mistral-Small-3.1,0.09328589313023763,0.544
Llama-3.3,Mistral-Medium-3.5,0.10070910008777638,0.542
Mistral-Large-3,Phi-4-reasoning-plus,0.0940633502514387,0.538
Gemma-1,Mistral-7B,0.110870563998969,0.536
Mistral-Small-3.2,Qwen-7B,0.09650467448381464,0.532
DeepSeek-V3,Mistral-Large-2,0.09712941881008945,0.532
Phi-1.5,Qwen3.5,0.10294870741203559,0.526
Llama-1,Llama-3.2,0.09218128250124528,0.524
DeepSeek-R1,Llama-3.1,0.09766959089126293,0.524
Devstral-2,Gemma-2,0.10530210994755654,0.524
Gemma-1,Qwen2.5,0.09897363821196409,0.516
Gemma-1,Llama-3.2,0.11199750205834431,0.512
Gemma-1,Gemma-3n,0.09869960976118301,0.512
Gemma-4-12B,Phi-4,0.09773356443336878,0.498
Llama-3.3,Mistral-7B,0.10060322415699265,0.494
Gemma-3,Mixtral-8x7B,0.1023380075551097,0.494
Mistral-7B,Mistral-Small-2,0.09065842041430322,0.482
DeepSeek-V3.1,Gemma-4,0.10311217580316517,0.466
Mistral-Large-3,Qwen1.5,0.087536244457976,0.458
Phi-4-reasoning-plus,Phi-4-reasoning-vision-15B,0.0994947213361098,0.456
Mistral-Small-4,Phi-4-reasoning-vision-15B,0.08878062763831701,0.444
Gemma-3n,Phi-3,0.08603014410598905,0.444
DeepSeek-V3.1,Phi-4-reasoning-plus,0.10045986185588354,0.432
Llama-4,Phi-2,0.0985028578592071,0.43
Llama-2,Llama-3.3,0.0947120958359991,0.428
DeepSeek-V3.1,Gemma-1,0.10746582809314509,0.428
Gemma-4,Qwen3.5,0.09910296408872926,0.428
Gemma-1,Llama-3,0.10716494229991953,0.426
DeepSeek-V3.2,Gemma-2,0.09515055216936506,0.422
DeepSeek-V3.1,Qwen1.5,0.09899632616388855,0.42
Mistral-Large-3,Mixtral-8x7B,0.0877460137220907,0.418
Mixtral-8x7B,Qwen3.6,0.09005819352076859,0.416
Devstral-2,Qwen3,0.09418004522608786,0.414
Gemma-1,Phi-4-reasoning-vision-15B,0.10756749528227706,0.412
Gemma-3,Qwen3,0.09052579877749294,0.408
Devstral-2,Gemma-1,0.10196988660531214,0.408
Mistral-Large-2,Phi-4-reasoning-vision-15B,0.09955642644102432,0.394
Gemma-2,Gemma-3n,0.09166351236146363,0.392
Llama-2,Llama-4,0.09378952176400733,0.39
Llama-3.2,Phi-4-reasoning-vision-15B,0.10310748436842425,0.39
Mistral-Large-2,Phi-3.5,0.09952971875684977,0.388
Mistral-Small-3,Phi-2,0.09261838681824969,0.388
Ministral-3,Phi-4-reasoning-plus,0.09577187886119956,0.382
Gemma-3n,Qwen2,0.08799561340071273,0.378
Mistral-7B,Mistral-Small-4,0.08674592906065119,0.37
DeepSeek-V3.1,Ministral-3,0.10125160041471339,0.366
Ministral-3,Mistral-Medium-3.5,0.09284353606531594,0.364
Llama-3,Llama-3.2,0.10062768902669544,0.362
Llama-2,Mistral-Small-2,0.08242251058312892,0.362
Phi-2,Qwen3.6,0.08923530638296524,0.362
Gemma-1,Gemma-3,0.09840744043273451,0.352
Llama-3.1,Mistral-Medium-3.5,0.09203034535438538,0.35
DeepSeek-V3.1,Phi-1,0.08814195924584706,0.348
Llama-3.2,Mistral-Medium-3,0.08620429236339074,0.34
Phi-4-reasoning-plus,Qwen3.5,0.09029203576577924,0.338
Llama-3.1,Qwen1.5,0.0945840679299997,0.338
Gemma-3n,Qwen3.5,0.08832313524112737,0.336
Mistral-7B,Mistral-Medium-3,0.08871455633684766,0.334
Llama-3.1,Llama-3.3,0.09271272374920468,0.334
Gemma-2,Phi-4,0.09506097489688387,0.332
Llama-4,Phi-1.5,0.09688997838307387,0.332
Gemma-4-12B,Qwen3,0.08473822341415334,0.32
Phi-3.5,Phi-4,0.09474260950945045,0.318
Mixtral-8x22B,Phi-1,0.07963247265053426,0.312
Phi-4,Qwen1.5,0.0932279009321409,0.312
DeepSeek-V3,Llama-3.1,0.08361913916024583,0.31
Phi-3.5,Qwen1.5,0.09042589891277959,0.31
Mistral-Small-4,Phi-2,0.08337871322397966,0.31
Phi-4-reasoning-vision-15B,Qwen3.5,0.09215353266594065,0.308
Llama-3.3,Mistral-Small-3,0.08701679303672698,0.302
Llama-3.1,Qwen2,0.09072957183995073,0.302
Gemma-4,Gemma-4-12B,0.08501539149885451,0.3
DeepSeek-R1,Mistral-Small-2,0.0787062552385266,0.3
Gemma-2,Qwen3,0.08827393085928488,0.3
Mistral-Large-3,Mistral-Small-4,0.07931013441492174,0.298
Llama-2,Phi-1.5,0.09006505505643221,0.292
DeepSeek-V3.2,Llama-3.2,0.08941271201709738,0.29
DeepSeek-V3,Mistral-Small-3.1,0.08395974908161408,0.284
Mistral-7B,Mistral-Small-3.1,0.09182918914238115,0.282
DeepSeek-V3,Mistral-Medium-3.5,0.08164631331057998,0.28
Llama-2,Mistral-Small-3.1,0.08938777191912191,0.278
Phi-3,Phi-4-reasoning-vision-15B,0.08279986250431685,0.274
DeepSeek-R1,Qwen-7B,0.08044395487072618,0.27
Llama-3.2,Mistral-Small-3.1,0.09071247371591672,0.27
Mistral-Medium-3,Phi-4-reasoning-vision-15B,0.08234929564828966,0.27
Phi-4-reasoning-plus,Qwen2.5,0.08031052680148981,0.268
DeepSeek-R1,Gemma-4,0.0829435928931047,0.266
Phi-1.5,Qwen3,0.08604916742746993,0.264
Mixtral-8x7B,Qwen3.5,0.08913521209723806,0.262
Llama-3.1,Mistral-7B,0.09145206361140283,0.262
DeepSeek-V3.2,Mistral-Small-4,0.0771672229293864,0.258
DeepSeek-V3.1,Gemma-3n,0.08248054681140783,0.258
DeepSeek-V3,Mistral-Small-3,0.07778730613405885,0.258
DeepSeek-V3.2,Mistral-Small-2,0.07578070202624854,0.254
Llama-3.2,Phi-3,0.07861425303891745,0.254
Llama-3,Qwen2,0.08794369881296786,0.254
Llama-2,Llama-3.2,0.08744170571969358,0.252
Gemma-4,Llama-3.1,0.09050506927159734,0.248
Mistral-Medium-3.5,Mistral-Small-3.1,0.08599800764130057,0.246
Mixtral-8x22B,Phi-2,0.08106804073249546,0.246
Mixtral-8x22B,Phi-3.5,0.0823071013879554,0.244
Gemma-3,Mistral-Small-2,0.07609758905710892,0.242
Gemma-4,Llama-4,0.08703003101927073,0.24
DeepSeek-V3.1,Mixtral-8x7B,0.09034530063083654,0.234
Mixtral-8x7B,Qwen3,0.08139581894179977,0.234
Devstral-2,Ministral-3,0.08992515445753423,0.232
Phi-1.5,Phi-2,0.08751651712228349,0.23
Gemma-3,Mistral-Medium-3.5,0.08724290032919715,0.23
Mistral-Small-3.1,Mixtral-8x7B,0.08697735453809412,0.228
Ministral-3,Qwen-7B,0.08223002135894082,0.226
Mistral-Small-3.1,Phi-2,0.08524898030452065,0.224
DeepSeek-V3.2,Mixtral-8x22B,0.07923216691607161,0.224
Gemma-3,Llama-1,0.07490486534878758,0.222
Mistral-Medium-3,Phi-2,0.07360889112738245,0.222
Llama-3,Mistral-Small-3.2,0.08001662553332854,0.22
DeepSeek-R1,DeepSeek-V3,0.07311120320928702,0.218
Mistral-Small-3,Qwen2.5,0.07883168379405278,0.218
Llama-3,Mistral-Small-2,0.07626338120058494,0.218
Devstral-2,Phi-3,0.07616721416838587,0.216
Mistral-Large-2,Mistral-Small-3.2,0.08104392566252701,0.216
Gemma-4-12B,Llama-3,0.08054057452369914,0.212
Mixtral-8x7B,Phi-2,0.0838831186371293,0.212
DeepSeek-V4,Mistral-Small-3,0.07760959411258508,0.208
Phi-4-reasoning-plus,Qwen3,0.07974146184180286,0.208
Mistral-Small-4,Qwen2.5,0.07025351692574021,0.206
Gemma-1,Mixtral-8x22B,0.0804144456202432,0.204
DeepSeek-V4,Qwen3.6,0.07357842262800593,0.204
Ministral-3,Mistral-7B,0.08817345148536047,0.202
Gemma-3,Mixtral-8x22B,0.07710657747149273,0.202
Mixtral-8x22B,Qwen2,0.07426295899281413,0.202
Llama-1,Llama-2,0.07389047931575773,0.2
Gemma-3,Llama-3,0.08416386515130735,0.198
Llama-1,Mistral-Large-2,0.07433957564574524,0.198
DeepSeek-R1,Mistral-Medium-3.5,0.07568741495938533,0.196
Mistral-Large-3,Phi-4-reasoning-vision-15B,0.07609050561361302,0.194
Gemma-3,Gemma-4-12B,0.07807900929331016,0.19
Llama-1,Phi-4-reasoning-vision-15B,0.07479849542479594,0.19
Llama-4,Qwen2,0.0808210048965305,0.188
DeepSeek-V3.1,Mistral-Large-2,0.0877207431138883,0.188
Gemma-1,Qwen3.6,0.07470112897355202,0.188
Llama-3.3,Phi-1.5,0.08302350660288149,0.188
Gemma-4,Mixtral-8x7B,0.08297641631038662,0.186
Mistral-7B,Phi-3.5,0.08681003418663416,0.186
Mistral-Small-3.1,Qwen3.6,0.07545172746726095,0.184
DeepSeek-V3.2,Mistral-Small-3.1,0.07866785825466723,0.184
Gemma-4-12B,Ministral-3,0.07681204136839233,0.182
Mixtral-8x7B,Phi-4,0.08584682308265222,0.18
Gemma-2,Gemma-4,0.08285196592744569,0.18
Llama-3,Qwen-7B,0.07799164432323678,0.178
Gemma-4,Mistral-Small-3,0.08023402246599952,0.178
DeepSeek-V4,Phi-2,0.07396453644754407,0.178
Llama-3,Qwen3.5,0.08342732722979093,0.178
Mistral-Small-3.2,Phi-2,0.07544907965497022,0.176
Gemma-4,Mistral-Small-3.1,0.08348183774112489,0.176
Gemma-3,Mistral-Medium-3,0.07531928367563291,0.176
DeepSeek-V3.2,Qwen-7B,0.07734140739947944,0.174
Llama-3.2,Mistral-Small-2,0.07171188527013035,0.174
Gemma-1,Mistral-Medium-3,0.07636792900382515,0.174
Llama-3.1,Mixtral-8x7B,0.08504646017002877,0.172
Llama-4,Mistral-Small-3.2,0.07558808571695845,0.172
Mistral-Large-3,Mistral-Small-2,0.06481932185100084,0.172
Phi-2,Qwen-7B,0.07936548784814088,0.172
Llama-3,Qwen3.6,0.07735480883030482,0.172
Gemma-4,Qwen1.5,0.07846238291612592,0.17
Mistral-7B,Qwen1.5,0.08186988045403432,0.17
Phi-1,Qwen3,0.07119158487319148,0.168
Llama-4,Qwen1.5,0.08163265044001013,0.166
Gemma-2,Qwen3.5,0.08094443905981036,0.166
Llama-3.1,Phi-1,0.07210996544558344,0.166
Gemma-1,Qwen1.5,0.08235595366000947,0.164
Mistral-Small-3.2,Qwen3,0.07082829441628381,0.162
Llama-3.1,Qwen2.5,0.07417626409853405,0.162
DeepSeek-R1,Qwen3.6,0.07009753775126457,0.162
Phi-4-reasoning-vision-15B,Qwen3.6,0.07417907422133654,0.162
Ministral-3,Mistral-Small-3.1,0.08243576473414993,0.16
DeepSeek-V3,DeepSeek-V4,0.07047728810330604,0.16
DeepSeek-V4,Llama-3.2,0.07445878563776204,0.16
Llama-3,Mistral-7B,0.08315588151411539,0.16
DeepSeek-V4,Qwen3.5,0.07548603656210776,0.16
Gemma-3,Qwen2,0.07887682521447532,0.16
Llama-3.2,Qwen2.5,0.07488061234492362,0.158
Mistral-Medium-3,Qwen-7B,0.07091287883475395,0.158
Ministral-3,Mistral-Small-3,0.08366840056416895,0.158
DeepSeek-V4,Ministral-3,0.07153353282717016,0.156
Llama-3.2,Mistral-Medium-3.5,0.0772595568945057,0.154
Phi-4-reasoning-vision-15B,Qwen-7B,0.0744061714980541,0.152
Gemma-1,Llama-4,0.09116585275312872,0.152
Gemma-1,Qwen3.5,0.08136761962334339,0.15
Gemma-3n,Llama-3.3,0.07516435369428064,0.15
Ministral-3,Phi-4-reasoning-vision-15B,0.08458907439699173,0.148
DeepSeek-V3.1,Mistral-Small-3.1,0.08263746057149873,0.144
DeepSeek-V4,Gemma-4,0.07536411892663486,0.144
Gemma-3,Phi-4-reasoning-plus,0.07423813743151414,0.144
Gemma-1,Phi-3,0.07128521316826122,0.142
DeepSeek-V3.2,Qwen3.6,0.06992285805788782,0.142
Mistral-Large-2,Mixtral-8x7B,0.08028038967980035,0.142
DeepSeek-V4,Phi-3.5,0.07365106954746782,0.142
Mixtral-8x22B,Phi-4,0.07583000611375684,0.142
Llama-3.1,Mistral-Small-4,0.06986604310292005,0.14
Mistral-Large-2,Phi-1.5,0.08055965947862469,0.14
DeepSeek-V3.2,Llama-3,0.08120181572251521,0.14
Gemma-2,Qwen2,0.07822653769701178,0.138
Ministral-3,Mistral-Large-3,0.06934391378733878,0.138
Llama-3.2,Qwen3,0.07602162922808486,0.136
Gemma-4-12B,Qwen2,0.07109347177540742,0.136
Mistral-Medium-3.5,Phi-3.5,0.07701056346014815,0.136
Llama-3.2,Mistral-Large-2,0.08335945336728634,0.136
DeepSeek-V3.2,Gemma-4-12B,0.07395703737981221,0.136
DeepSeek-R1,Phi-3,0.06522035471563511,0.134
DeepSeek-R1,Mistral-Small-3.1,0.07413198427503012,0.134
Phi-1,Phi-4,0.07069763147798447,0.132
Devstral-2,Llama-3,0.08043920699095028,0.132
Mistral-Medium-3.5,Mixtral-8x7B,0.07699819249556787,0.132
Phi-1,Phi-3,0.06523724537401554,0.132
DeepSeek-V3.1,Mistral-Small-3.2,0.07306127175873918,0.132
Gemma-2,Ministral-3,0.08116049902032335,0.13
Llama-3.3,Phi-4,0.07954268578125955,0.13
Mistral-Large-2,Qwen1.5,0.07793026305843156,0.128
Devstral-2,Mistral-7B,0.08223748043827918,0.128
DeepSeek-V3,Phi-1,0.06545930374510465,0.128
DeepSeek-R1,Phi-4-reasoning-plus,0.07046619375851934,0.128
DeepSeek-V3,Qwen2.5,0.06527061303543763,0.126
Mistral-Small-3,Qwen1.5,0.0758081843494748,0.126
DeepSeek-V3,Gemma-1,0.07031193269681867,0.126
Llama-3.3,Qwen3.6,0.07125874569881038,0.126
Mistral-Small-3.1,Phi-4-reasoning-vision-15B,0.08302196898676326,0.126
Llama-3,Qwen2.5,0.0723420794934289,0.124
Mistral-Small-3,Phi-1,0.06847129120335195,0.12
Llama-3.1,Qwen3.5,0.07743520508443594,0.12
Gemma-1,Qwen2,0.0775927223649313,0.12
Gemma-2,Mistral-Small-3,0.076379673030353,0.12
Gemma-4,Qwen3,0.0743266856001077,0.12
Ministral-3,Phi-3,0.0683479181359417,0.12
Phi-1,Phi-3.5,0.07258415120576647,0.12
Mistral-7B,Mistral-Medium-3.5,0.076476646154419,0.118
Mistral-Small-4,Qwen3.6,0.06299927630770738,0.118
Llama-2,Qwen2.5,0.06853695646616234,0.118
Gemma-3n,Mistral-Large-2,0.07023026311465855,0.118
Phi-2,Phi-4-reasoning-vision-15B,0.07721300163076109,0.116
Phi-1.5,Phi-4,0.07728445848717654,0.116
Llama-1,Ministral-3,0.06969634237632849,0.114
Mistral-Large-2,Qwen2.5,0.07056932849969158,0.114
Mistral-Large-3,Phi-1,0.06064710035538696,0.112
Mistral-Large-2,Qwen3.5,0.07522502089444631,0.112
Phi-1.5,Qwen2.5,0.07046651326466942,0.112
Llama-1,Qwen3.6,0.06447400266590537,0.112
DeepSeek-V3.1,Gemma-3,0.0779880305427947,0.112
Llama-1,Qwen1.5,0.0661608601190753,0.11
Llama-2,Mistral-7B,0.07399825515267225,0.11
Llama-2,Qwen3.5,0.07200568643268274,0.11
Gemma-2,Phi-4-reasoning-plus,0.07702443571509483,0.11
Llama-4,Qwen3.6,0.06635391820840203,0.11
Mistral-Small-3.1,Qwen3.5,0.07684655441161413,0.108
Mistral-Small-3.1,Mixtral-8x22B,0.06845863480464717,0.108
Gemma-2,Phi-3,0.0631840616394484,0.108
Gemma-4,Phi-1,0.06616073581222362,0.108
Phi-3.5,Qwen-7B,0.07187281484609047,0.108
Mistral-Small-3,Phi-1.5,0.07204861749201673,0.108
Phi-1.5,Phi-3,0.06688089588557874,0.106
Gemma-4,Phi-4-reasoning-plus,0.07420103801769878,0.106
Mistral-Medium-3,Phi-3.5,0.06795449422278461,0.104
Mistral-Small-2,Mixtral-8x22B,0.06445191993058705,0.104
Mistral-7B,Qwen3.5,0.07404241233655587,0.104
DeepSeek-V3.2,Phi-1.5,0.07087064247682981,0.104
Devstral-2,Mistral-Large-2,0.07588222967397835,0.104
DeepSeek-V3.2,Mistral-Small-3.2,0.06890069062948838,0.104
Llama-3.1,Qwen3.6,0.06668297238672273,0.104
Mistral-Small-3,Qwen-7B,0.07204327126516344,0.102
Mistral-Medium-3,Qwen2.5,0.06395075621179629,0.102
Mistral-Large-3,Qwen3.6,0.06087874214322041,0.102
Gemma-1,Mistral-Small-3,0.08140928156376627,0.102
DeepSeek-R1,Mistral-Large-3,0.06411061733708052,0.1
Mistral-Small-2,Qwen1.5,0.06398466914515528,0.1
Llama-4,Mistral-Small-2,0.06487110252682822,0.1
Qwen1.5,Qwen2.5,0.06734098737586323,0.1
Mixtral-8x7B,Phi-3,0.0659893197948427,0.1
Llama-1,Phi-4-reasoning-plus,0.06379041571983343,0.1
Gemma-4,Phi-2,0.07592499300023338,0.098
Mistral-Medium-3.5,Qwen-7B,0.07028570677979304,0.098
DeepSeek-V3.1,Llama-3.3,0.07420083492098122,0.098
Llama-1,Llama-3,0.06490329097185427,0.098
Llama-3.1,Mistral-Small-3.2,0.07156702610540681,0.098
Gemma-4-12B,Llama-4,0.07257072492184535,0.098
Mistral-Small-3.2,Qwen2,0.06484951646336286,0.098
Gemma-4-12B,Mistral-Large-2,0.0696553261798001,0.098
Devstral-2,Phi-3.5,0.07939614348277721,0.096
Phi-2,Qwen2.5,0.06766018369197306,0.096
Mistral-Small-3.1,Qwen2,0.07262236680393576,0.096
Gemma-4,Mistral-Medium-3.5,0.07199928451039667,0.094
Gemma-1,Qwen-7B,0.07356104917085886,0.094
DeepSeek-V4,Mixtral-8x7B,0.0675509134578308,0.094
Devstral-2,Llama-4,0.07859625649908634,0.094
Mistral-Small-2,Mistral-Small-3,0.06141598464899502,0.094
Devstral-2,Llama-1,0.06523775002271058,0.094
Gemma-4,Mistral-Medium-3,0.06505870645013487,0.094
Gemma-3n,Mistral-Large-3,0.060606473749525554,0.092
Qwen-7B,Qwen1.5,0.07113976934424217,0.092
DeepSeek-V3,Qwen3.6,0.06213743721138173,0.09
Mistral-Medium-3.5,Mistral-Small-2,0.061199468447783775,0.09
Mistral-Medium-3,Qwen3,0.06261472874804244,0.09
Phi-2,Qwen3.5,0.07002833491482606,0.09
DeepSeek-V4,Mistral-Small-3.2,0.06000423299625833,0.088
Mistral-Medium-3,Mistral-Small-4,0.06080229497076288,0.088
Llama-3,Phi-4-reasoning-vision-15B,0.08007661178540205,0.088
Gemma-3n,Llama-3.1,0.06919299902097592,0.088
Gemma-4,Qwen-7B,0.0743266856001077,0.088
Phi-4-reasoning-vision-15B,Qwen2,0.07206407954067687,0.086
DeepSeek-V3.1,Qwen2,0.0724270795528023,0.086
Qwen2,Qwen3.5,0.07055304463097083,0.086
Llama-3,Mistral-Small-4,0.06141554257573472,0.086
Llama-2,Qwen3.6,0.06608516608819506,0.086
Mistral-Small-3,Qwen3,0.06802781707988553,0.086
Gemma-4,Qwen3.6,0.06757814877984346,0.086
Llama-3.3,Mixtral-8x7B,0.07164502141203347,0.084
Mistral-Small-4,Phi-3.5,0.06454159750088782,0.084
Mistral-Small-4,Mixtral-8x22B,0.06228881797616824,0.084
Ministral-3,Qwen2.5,0.0624305470160731,0.084
Phi-1,Phi-4-reasoning-vision-15B,0.06501709459480956,0.082
Mistral-Small-2,Mistral-Small-3.2,0.05669140515788516,0.082
Llama-1,Qwen2,0.0645996697666121,0.082
Llama-1,Mistral-Medium-3.5,0.0631997658440781,0.082
Devstral-2,Gemma-4-12B,0.06953837555023105,0.082
Llama-2,Mixtral-8x22B,0.06291990953025244,0.082
Mistral-Large-3,Phi-3.5,0.06139198187870112,0.08
Gemma-4,Phi-4,0.07459424282119047,0.08
Mistral-Small-2,Mistral-Small-3.1,0.06253611296826697,0.08
DeepSeek-V3,Ministral-3,0.06412192939559197,0.08
Mistral-Small-3.1,Mistral-Small-4,0.06211343383642475,0.078
Llama-4,Mixtral-8x7B,0.07311494276605324,0.078
Phi-4-reasoning-vision-15B,Qwen3,0.07038861387879658,0.078
Mistral-Small-2,Qwen2,0.05852037883662818,0.078
Gemma-4-12B,Mistral-Medium-3.5,0.06548021591143677,0.078
Llama-3.2,Ministral-3,0.07638607250706464,0.078
Mistral-Small-4,Phi-4-reasoning-plus,0.06062318745488533,0.076
Qwen-7B,Qwen2.5,0.06478082561308442,0.076
Gemma-4,Llama-3.3,0.06535609263726579,0.074
Mistral-Small-3.1,Qwen1.5,0.07140982812978587,0.074
Mistral-7B,Mixtral-8x7B,0.07364820455691472,0.074
Gemma-2,Mistral-Small-3.1,0.07276377848620781,0.074
DeepSeek-V3.1,Phi-4,0.07542601568165405,0.074
Devstral-2,Qwen2,0.0709794700661246,0.072
Mistral-Small-3.1,Phi-4-reasoning-plus,0.06837808985807073,0.072
DeepSeek-V3,Phi-3.5,0.06433235106858783,0.072
Mistral-Large-3,Qwen2.5,0.05668289755908837,0.072
Gemma-1,Mistral-Small-3.2,0.06358001016848987,0.072
Phi-2,Qwen3,0.06319505647157612,0.07
DeepSeek-V4,Mistral-Medium-3,0.06059568275671915,0.07
Mistral-Medium-3.5,Qwen3,0.06426783728368507,0.07
Llama-3,Mistral-Large-3,0.062473796307945834,0.07
Mistral-Small-3,Qwen3.5,0.06755182124752293,0.07
Gemma-3,Llama-4,0.0729541699365492,0.07
Qwen2,Qwen3,0.06647875807771539,0.068
DeepSeek-V3.2,Qwen1.5,0.0674256815148562,0.068
Llama-2,Llama-3.1,0.06814667589656133,0.068
DeepSeek-V3.1,Mixtral-8x22B,0.06610420630026079,0.068
Gemma-2,Llama-3,0.07275488842174872,0.068
Gemma-3,Mistral-7B,0.07014382191763747,0.066
DeepSeek-V4,Gemma-1,0.06148600049839015,0.066
DeepSeek-V3.1,Phi-1.5,0.07475676791724792,0.066
Llama-3,Ministral-3,0.07474503787340993,0.066
Gemma-3n,Mistral-Small-4,0.058057945214095845,0.066
DeepSeek-V4,Llama-3.3,0.06217495837502848,0.066
DeepSeek-V3.1,Mistral-Medium-3,0.0639160515846781,0.066
Ministral-3,Qwen3,0.06793341042275818,0.064
DeepSeek-R1,DeepSeek-V4,0.0587647670425797,0.064
Phi-1,Qwen3.5,0.060235283317929,0.062
Gemma-2,Mistral-7B,0.07193109776183991,0.062
Gemma-3n,Mistral-Small-3,0.06422670554739889,0.062
Gemma-3n,Phi-4-reasoning-plus,0.0679437934385011,0.062
DeepSeek-V4,Llama-3.1,0.06294534998132463,0.062
DeepSeek-V3.2,Mistral-Small-3,0.06690257784657352,0.062
Phi-1,Phi-2,0.06279759109908077,0.062
DeepSeek-V3,Llama-3,0.05933300553788189,0.06
Llama-3.3,Mistral-Large-2,0.06629646493754027,0.06
DeepSeek-V3,Gemma-2,0.05994985128172072,0.06
DeepSeek-V3,Gemma-4,0.06250814606079765,0.06
DeepSeek-R1,Mistral-Small-4,0.06012429219639873,0.06
Phi-3,Qwen1.5,0.05887797655074144,0.06
Llama-3.3,Mixtral-8x22B,0.06323189642626602,0.058
Gemma-1,Phi-1,0.06437999638019884,0.058
Mistral-Large-2,Mistral-Medium-3.5,0.0649398647624697,0.058
DeepSeek-V3,Phi-1.5,0.05801546440296948,0.058
Llama-2,Phi-1,0.06118241553874846,0.058
Gemma-3,Llama-3.1,0.06605694979797733,0.058
Gemma-4,Mistral-Small-4,0.0578402917437408,0.056
Mistral-Small-3,Mistral-Small-3.1,0.07196135315373661,0.056
DeepSeek-V3.1,DeepSeek-V4,0.060546247043809766,0.056
Phi-3,Qwen3.6,0.05213136550126722,0.056
DeepSeek-R1,Qwen2,0.06300633438355366,0.056
Gemma-3,Phi-1,0.06440141408797692,0.056
Llama-1,Qwen3,0.053232239024523065,0.056
Mistral-Medium-3,Mixtral-8x22B,0.05802657972211261,0.056
Qwen2,Qwen2.5,0.05882801742477335,0.054
DeepSeek-V4,Qwen2.5,0.06005799558832019,0.054
Ministral-3,Qwen3.5,0.06525137867172187,0.054
Llama-3.1,Phi-1.5,0.072420620555449,0.054
Gemma-3,Mistral-Large-3,0.057047535890437,0.054
Phi-4,Qwen3,0.06579955234120383,0.054
DeepSeek-V4,Gemma-4-12B,0.06058163706649833,0.054
Mistral-Large-2,Qwen-7B,0.06504183445956485,0.054
Phi-1,Qwen-7B,0.05894444820229624,0.054
DeepSeek-V3,Llama-4,0.059433639639673706,0.054
Mistral-Large-3,Phi-1.5,0.055197242650235186,0.054
DeepSeek-V4,Gemma-2,0.058403844544258156,0.052
Mistral-Large-2,Mistral-Large-3,0.05827004471415125,0.052
Llama-4,Phi-4-reasoning-vision-15B,0.07200024712567667,0.052
Gemma-1,Ministral-3,0.07233881057295444,0.052
DeepSeek-V3.2,Llama-1,0.05982743875305298,0.052
Mistral-Small-3,Phi-3.5,0.06952951631133208,0.052
Mistral-7B,Mixtral-8x22B,0.06178757949341992,0.05
Llama-1,Phi-1,0.052628781884459394,0.05
Gemma-4-12B,Mistral-Small-3.2,0.06141072030463097,0.05
Gemma-1,Mistral-Small-3.1,0.07326685746743607,0.05
Mistral-7B,Phi-4-reasoning-plus,0.06918953238866175,0.05
Gemma-4,Llama-3.2,0.0670789399619634,0.05
Phi-4-reasoning-plus,Qwen1.5,0.06230975564318381,0.05
Mixtral-8x22B,Qwen3,0.059229252184083724,0.05
Phi-2,Qwen1.5,0.06351738325123493,0.05
Mistral-Medium-3,Mistral-Medium-3.5,0.05817834288066122,0.048
Mistral-Small-3,Phi-4-reasoning-vision-15B,0.07339382502236055,0.048
Mistral-Medium-3,Phi-3,0.052258521248171694,0.048
DeepSeek-V3,Gemma-3,0.05921060514692332,0.048
Llama-3.1,Phi-4-reasoning-vision-15B,0.07101105257648738,0.046
Llama-3.3,Ministral-3,0.06197577099178394,0.046
Qwen2.5,Qwen3.5,0.05686881662991134,0.046
Gemma-2,Mistral-Medium-3.5,0.060688919262589645,0.046
DeepSeek-V4,Qwen2,0.0588157979589906,0.046
Phi-4-reasoning-vision-15B,Qwen2.5,0.05814408662691099,0.044
Gemma-2,Llama-1,0.0551016286784155,0.044
Gemma-4-12B,Mistral-Small-3.1,0.0613525607667751,0.044
Llama-3.3,Qwen-7B,0.06417879896116091,0.044
Qwen1.5,Qwen3.6,0.05548708712559311,0.044
Mixtral-8x7B,Phi-4-reasoning-vision-15B,0.0689911039362558,0.044
DeepSeek-V3.1,Qwen3.6,0.05878780641283973,0.044
DeepSeek-V4,Llama-2,0.057630014072160056,0.044
Gemma-3n,Phi-3.5,0.06016203538301945,0.044
Ministral-3,Phi-2,0.06553326447752836,0.044
Gemma-3n,Llama-3.2,0.05780611389560312,0.044
Mistral-Small-3,Phi-4,0.06487567507261485,0.044
Mistral-Small-3.1,Qwen2.5,0.05660394318852299,0.044
DeepSeek-V3,Llama-2,0.060148087990302544,0.042
Llama-2,Qwen-7B,0.05866715989082296,0.042
Mistral-Small-4,Qwen-7B,0.05877854394698216,0.042
DeepSeek-V3,Qwen-7B,0.05675944396308507,0.042
Mixtral-8x7B,Qwen2.5,0.05224552522373631,0.042
Gemma-4-12B,Mistral-7B,0.06468529799939547,0.042
Mistral-Large-3,Mistral-Small-3.1,0.05463833817035343,0.042
Mistral-Small-2,Qwen3.5,0.05471468197406608,0.042
Llama-4,Mistral-Medium-3,0.05906253582934462,0.042
Gemma-1,Llama-3.1,0.0730466995923756,0.042
Gemma-2,Phi-3.5,0.06719140179545037,0.042
Gemma-3,Mistral-Small-3.2,0.055290205607773396,0.04
Mistral-7B,Qwen3,0.06042488132725519,0.04
Mistral-Small-3.2,Mixtral-8x7B,0.056209506849972814,0.04
DeepSeek-V3,Mistral-Large-3,0.04957278147268472,0.04
Mistral-Medium-3.5,Mistral-Small-3,0.0610959409259019,0.038
Llama-3.3,Qwen2,0.05721023411199369,0.038
Llama-3.2,Mistral-Small-3.2,0.05521843917020562,0.038
Gemma-2,Mixtral-8x7B,0.06410360671626905,0.038
DeepSeek-R1,Llama-2,0.05961888546522791,0.038
Llama-3.2,Qwen3.5,0.06461262930172508,0.038
Gemma-4,Llama-1,0.05575346770562459,0.038
DeepSeek-V3,Devstral-2,0.05887647659390088,0.038
DeepSeek-V3.1,Llama-3.2,0.06957129919238175,0.036
Gemma-1,Phi-3.5,0.06954638342599982,0.036
Gemma-4-12B,Qwen-7B,0.05609351001462546,0.036
DeepSeek-V3,Qwen2,0.055699000218658735,0.036
Gemma-3n,Mistral-Small-3.1,0.06109875918786289,0.036
Gemma-4,Mistral-7B,0.06640262589449053,0.036
Ministral-3,Qwen3.6,0.05930919202468959,0.036
Llama-3.1,Phi-4,0.06774317268344925,0.036
Gemma-4-12B,Llama-3.3,0.05184585491354894,0.036
DeepSeek-R1,Gemma-3n,0.051755854350369605,0.034
Phi-1,Qwen1.5,0.05493520192184457,0.034
Mistral-Large-2,Phi-2,0.060112427524036234,0.034
Llama-4,Phi-1,0.05653491663543206,0.034
Gemma-3n,Phi-2,0.05874434328411307,0.034
Phi-3,Phi-4,0.05273372751649192,0.034
Gemma-3n,Qwen2.5,0.05364664087391171,0.034
DeepSeek-R1,Llama-3.3,0.04834908689624388,0.034
Llama-4,Mistral-Large-2,0.0654050431758317,0.034
Gemma-2,Mixtral-8x22B,0.055556900973432195,0.034
Qwen-7B,Qwen3.5,0.05535312796490158,0.034
Llama-3.3,Qwen2.5,0.05536557751530086,0.034
Phi-3.5,Qwen3,0.061837235125057975,0.034
Llama-3.3,Qwen1.5,0.054715448168715736,0.032
Gemma-2,Llama-2,0.05823295342476983,0.032
DeepSeek-V3.1,Mistral-Large-3,0.05594737894975584,0.032
DeepSeek-V3,Gemma-3n,0.05095607631209305,0.032
DeepSeek-V3.1,Mistral-Small-3,0.0633463933564674,0.032
DeepSeek-V3.2,Mistral-Large-2,0.058878096997147605,0.032
Llama-3.2,Mistral-Large-3,0.05539741711593423,0.032
Mistral-Small-4,Mixtral-8x7B,0.053965233268488684,0.032
DeepSeek-V3,Llama-1,0.04971583201165302,0.032
Phi-4-reasoning-plus,Qwen2,0.052678021342565634,0.032
Mistral-7B,Qwen-7B,0.06254598290960728,0.032
Gemma-2,Mistral-Small-4,0.04777985486299556,0.032
Gemma-3,Mistral-Small-3,0.05748045692758438,0.032
Mistral-Small-3.2,Qwen1.5,0.055609937698334486,0.032
Devstral-2,Phi-4,0.061884146829271874,0.032
DeepSeek-V3.2,Gemma-4,0.05729487216213655,0.03
Llama-3.1,Qwen-7B,0.056868029528111035,0.03
Mistral-Small-3.2,Qwen3.5,0.05777216190125799,0.03
Llama-3,Mixtral-8x22B,0.05900879021593073,0.03
Llama-3,Mistral-Small-3,0.06669891466911529,0.03
Ministral-3,Qwen2,0.05862359563808026,0.03
DeepSeek-V3,Qwen1.5,0.052592749318661466,0.03
Llama-3.2,Qwen2,0.06012906189163283,0.03
Llama-3.1,Phi-3.5,0.06362397430393744,0.03
Llama-3.2,Phi-2,0.06100170752088194,0.03
Mistral-Small-3.1,Phi-3,0.052886614542167865,0.03
Llama-4,Mistral-Large-3,0.05569007602648286,0.03
Gemma-3,Phi-3,0.046480123904327306,0.03
Llama-3.3,Phi-1,0.04896696349209274,0.03
Gemma-3n,Phi-1,0.051288421822819195,0.028
Gemma-2,Mistral-Large-2,0.06404124614137431,0.028
DeepSeek-V3.2,Llama-3.1,0.05922916846816486,0.028
Gemma-1,Llama-2,0.06402901858462991,0.028
Mistral-Large-3,Mistral-Medium-3.5,0.049062794019554164,0.028
Llama-1,Mixtral-8x22B,0.051738958329703835,0.028
Mistral-Small-4,Phi-4,0.052179675486346486,0.028
Mistral-Small-3,Mixtral-8x7B,0.06614249559914852,0.028
Mistral-Medium-3.5,Mixtral-8x22B,0.05832735200892182,0.028
Mistral-Small-2,Qwen3.6,0.04679136161141858,0.028
Mistral-7B,Qwen2,0.057284193219942374,0.028
Mistral-Large-2,Qwen3.6,0.050520550626111396,0.028
DeepSeek-V4,Mistral-Large-2,0.059927363346571255,0.026
Llama-3.2,Mistral-7B,0.06386513912317228,0.026
Phi-2,Phi-3,0.05213480807616969,0.026
Mistral-Medium-3.5,Phi-2,0.05453714556827219,0.026
Llama-3.3,Phi-2,0.05331306419778116,0.026
Ministral-3,Phi-3.5,0.06356145640773156,0.026
Llama-2,Qwen2,0.05782927312933406,0.026
Phi-3.5,Qwen3.5,0.0603341722350419,0.026
Gemma-3,Qwen2.5,0.04969239213682612,0.026
Gemma-3,Phi-4,0.06051175521064293,0.026
Mistral-Large-2,Mistral-Small-3,0.06128407337727507,0.026
Llama-3.3,Phi-4-reasoning-plus,0.05484268575273709,0.026
Mistral-Small-3.2,Phi-3,0.042761552391805846,0.024
Mistral-Medium-3,Qwen3.6,0.041272404631580016,0.024
Phi-4,Qwen3.6,0.04695281844639672,0.024
Llama-3.2,Mistral-Small-3,0.057250830381294214,0.024
Ministral-3,Mistral-Small-2,0.04448038314273107,0.024
Llama-3.2,Phi-1,0.04901421475953231,0.024
Mistral-Medium-3,Mistral-Small-2,0.047852852908464596,0.024
Gemma-4,Phi-4-reasoning-vision-15B,0.06267991472652891,0.024
Phi-3.5,Qwen2,0.05892963277663003,0.024
Phi-2,Phi-3.5,0.0596693257230611,0.024
Phi-4,Phi-4-reasoning-vision-15B,0.060163019799633836,0.024
Gemma-4,Phi-3.5,0.06013868207978147,0.024
Qwen2.5,Qwen3,0.050595391281067305,0.024
Mistral-Small-4,Phi-1,0.046358441406692576,0.024
Gemma-4,Qwen2.5,0.05170864157572826,0.024
Mistral-Medium-3,Qwen2,0.055350686814907485,0.024
Gemma-3,Mistral-Small-4,0.05110275026325223,0.024
Llama-3.3,Phi-3,0.05196454758215817,0.022
Ministral-3,Qwen1.5,0.06483659860072657,0.022
Gemma-4-12B,Phi-4-reasoning-vision-15B,0.05152163837190419,0.022
Phi-3,Qwen2.5,0.04561100460889429,0.022
Llama-3.1,Phi-2,0.05634492618231456,0.022
Mistral-Medium-3.5,Qwen3.5,0.056075424792588154,0.022
Llama-3.2,Phi-4,0.06357520225414293,0.022
Mistral-Large-3,Phi-2,0.0481496061727372,0.022
DeepSeek-V4,Gemma-3n,0.04804330384821909,0.022
Llama-1,Phi-3.5,0.04992066124606585,0.022
Gemma-1,Mistral-Large-3,0.04659805584290481,0.022
Phi-1.5,Qwen1.5,0.05884877840798213,0.022
Mistral-Large-2,Qwen3,0.056919854038484395,0.022
Llama-1,Qwen-7B,0.04711558287523953,0.022
Gemma-3n,Phi-1.5,0.051291666889621924,0.022
DeepSeek-V3,Mixtral-8x7B,0.05055769874966517,0.022
Llama-3.2,Phi-3.5,0.06457564855651954,0.022
Devstral-2,Gemma-3n,0.04805351207485863,0.02
Gemma-4-12B,Mistral-Small-4,0.044990345538591776,0.02
DeepSeek-V3,Gemma-4-12B,0.04573044309266701,0.02
DeepSeek-V3.1,Mistral-Medium-3.5,0.05118650585751232,0.02
Ministral-3,Mistral-Large-2,0.059631103712533134,0.02
Mixtral-8x22B,Mixtral-8x7B,0.057507534937709034,0.02
Llama-3.1,Llama-4,0.06545455627258845,0.02
Gemma-3,Phi-4-reasoning-vision-15B,0.05658737968515221,0.02
Mistral-Medium-3,Mixtral-8x7B,0.05120281000178141,0.02
Gemma-2,Llama-3.3,0.05404426065437029,0.02
Phi-3,Qwen2,0.04789561369074254,0.02
Llama-1,Mistral-Medium-3,0.04872682398931877,0.02
Devstral-2,Qwen3.6,0.05107730178084277,0.02
Qwen-7B,Qwen2,0.05034191321321647,0.02
DeepSeek-V3.1,Phi-3,0.05253053468809788,0.02
DeepSeek-V4,Mistral-Small-2,0.042557817642449224,0.02
DeepSeek-R1,Mixtral-8x7B,0.050622243570400294,0.02
Llama-3.3,Mistral-Small-3.2,0.05050709333294274,0.02
Gemma-3n,Mistral-Medium-3.5,0.04978334763053506,0.02
Llama-3,Phi-4-reasoning-plus,0.05621000426254507,0.02
Phi-2,Phi-4,0.0534274309988373,0.02
DeepSeek-R1,Phi-4-reasoning-vision-15B,0.04990843269335563,0.02
Mixtral-8x7B,Phi-3.5,0.05596446868105732,0.018
Gemma-4-12B,Mistral-Large-3,0.04679953684775787,0.018
Llama-4,Mistral-Medium-3.5,0.0520669267827771,0.018
Gemma-4-12B,Qwen2.5,0.04840341458513638,0.018
Llama-1,Mistral-Small-3,0.05033871786656529,0.018
Mixtral-8x22B,Qwen1.5,0.053986134819382456,0.018
Llama-2,Phi-3,0.04950104043502592,0.018
Llama-3.3,Llama-4,0.05454320088246644,0.018
Phi-1,Qwen3.6,0.044069365032657924,0.018
Gemma-4,Ministral-3,0.0591519164355568,0.018
DeepSeek-R1,DeepSeek-V3.2,0.04797800444454332,0.018
DeepSeek-V4,Llama-1,0.04521244915219798,0.018
DeepSeek-V3.2,Mixtral-8x7B,0.05278110205636233,0.018
Gemma-2,Phi-4-reasoning-vision-15B,0.061304057272050676,0.018
Devstral-2,Phi-2,0.06095125204940316,0.018
Devstral-2,Qwen-7B,0.0477456560000507,0.018
DeepSeek-V3.1,Llama-2,0.05426196911131393,0.018
DeepSeek-V3.2,Phi-3,0.049300575550789996,0.018
DeepSeek-V3.2,Phi-4-reasoning-plus,0.05092911090994943,0.018
Gemma-4,Mistral-Small-3.2,0.051641527787265745,0.018
Mistral-Small-4,Qwen1.5,0.04758408412031883,0.018
Mistral-Medium-3,Phi-4-reasoning-plus,0.04879735360591658,0.018
Llama-3,Mistral-Medium-3.5,0.051031965829441625,0.016
DeepSeek-V3.1,Phi-3.5,0.06449849790568661,0.016
DeepSeek-V3.2,Phi-4,0.05299650143843557,0.016
Ministral-3,Mixtral-8x22B,0.057263965173661086,0.016
Gemma-3n,Qwen3,0.05163393895663157,0.016
DeepSeek-R1,Llama-4,0.04307798441812751,0.016
Gemma-1,Phi-4,0.06026332690998215,0.016
Llama-2,Phi-4-reasoning-plus,0.05405854260871071,0.016
Mixtral-8x22B,Phi-4-reasoning-vision-15B,0.05452062961384648,0.016
Mixtral-8x22B,Qwen-7B,0.04900108816804385,0.016
Devstral-2,Qwen2.5,0.047833990867529756,0.016
Mistral-Small-3,Phi-4-reasoning-plus,0.05542126103676634,0.016
Mistral-Small-4,Phi-1.5,0.04400020414051558,0.016
Mixtral-8x22B,Phi-1.5,0.04438031771087598,0.016
Gemma-3n,Llama-4,0.05013000562567003,0.016
Llama-3.2,Llama-4,0.05872995995512278,0.016
Phi-1.5,Qwen2,0.052720295368001456,0.016
Gemma-4,Mistral-Large-3,0.05008578411713284,0.016
Gemma-2,Phi-2,0.052133301939140946,0.016
DeepSeek-V4,Qwen3,0.04969005497611731,0.016
Gemma-3n,Llama-3,0.05019986001338696,0.016
Llama-1,Qwen2.5,0.043555701297754976,0.016
Mixtral-8x7B,Phi-4-reasoning-plus,0.055964773175374294,0.016
DeepSeek-R1,Gemma-4-12B,0.04826530328489524,0.016
DeepSeek-V3.2,Phi-3.5,0.055252280584621526,0.016
Mistral-7B,Phi-1.5,0.058674903855353656,0.016
Llama-2,Ministral-3,0.05481840033682471,0.016
DeepSeek-R1,Phi-1.5,0.046162953125759604,0.016
Llama-3.2,Llama-3.3,0.057855794472486614,0.016
DeepSeek-V3.2,Qwen3.5,0.05243120775172453,0.016
Mistral-Medium-3.5,Qwen1.5,0.05063888988433097,0.016
Mistral-Small-2,Phi-3.5,0.04436633055288626,0.014
Llama-3,Mistral-Medium-3,0.045897271408315475,0.014
Devstral-2,Mistral-Small-4,0.046545076970322,0.014
Mixtral-8x7B,Qwen2,0.05350587502803724,0.014
DeepSeek-V4,Mistral-Large-3,0.044529566915718764,0.014
Gemma-3n,Phi-4-reasoning-vision-15B,0.05210073869279401,0.014
Gemma-3n,Mistral-Small-2,0.04219281998478742,0.014
Phi-3,Phi-4-reasoning-plus,0.043831235906066336,0.014
DeepSeek-V4,Phi-3,0.03777586663863344,0.014
Ministral-3,Mistral-Small-3.2,0.048411229865305314,0.014
DeepSeek-V4,Mistral-7B,0.04363917041734575,0.014
Devstral-2,Mixtral-8x7B,0.05155632131363381,0.014
Mistral-Small-4,Qwen2,0.042107085124343406,0.014
DeepSeek-R1,Qwen3.5,0.050900817188699085,0.014
Ministral-3,Mixtral-8x7B,0.05332697656643704,0.014
Llama-2,Mistral-Medium-3.5,0.04887237427722289,0.014
Mixtral-8x22B,Qwen2.5,0.03691481866146648,0.014
Gemma-2,Qwen1.5,0.0549767320767894,0.014
Qwen3.5,Qwen3.6,0.05030450023993498,0.014
DeepSeek-R1,Mistral-Small-3.2,0.04464736977389968,0.014
Gemma-4,Mistral-Large-2,0.05891827866061563,0.014
Gemma-4-12B,Phi-3,0.04506593032539686,0.014
Gemma-4,Qwen2,0.05314805957668636,0.014
Mistral-Medium-3,Mistral-Small-3,0.043774487667487386,0.012
DeepSeek-R1,Gemma-3,0.0466352534925791,0.012
Mistral-7B,Mistral-Large-2,0.0573968598515164,0.012
Mistral-Large-2,Phi-4-reasoning-plus,0.054648100009139604,0.012
Gemma-3,Qwen3.5,0.048765296627829774,0.012
Llama-3.1,Qwen3,0.05486178410897533,0.012
DeepSeek-R1,Mistral-Large-2,0.04496525553467305,0.012
Mistral-Small-3,Mixtral-8x22B,0.04467313940065051,0.012
Mistral-Large-2,Mistral-Small-2,0.043387823341400074,0.012
DeepSeek-R1,Qwen1.5,0.04591705916041966,0.012
Mistral-7B,Qwen2.5,0.04823044102909762,0.012
Mistral-Small-3.2,Qwen3.6,0.04165124057311296,0.012
Llama-3.1,Mistral-Small-2,0.04197557526273785,0.012
Phi-4,Qwen2.5,0.044627716304517145,0.012
Gemma-1,Qwen3,0.05101674211842597,0.012
Llama-1,Mistral-Large-3,0.04117490898985064,0.012
Qwen3,Qwen3.6,0.04359813342090721,0.012
DeepSeek-R1,Qwen2.5,0.044096910672752,0.012
DeepSeek-V3.2,Phi-2,0.04275664475224755,0.012
Llama-2,Mistral-Small-3,0.04815831937034186,0.012
Devstral-2,Llama-3.2,0.05759931091483976,0.012
DeepSeek-V4,Mistral-Small-3.1,0.047749588728596734,0.012
DeepSeek-V4,Gemma-3,0.044971348517762515,0.012
Llama-3.2,Mistral-Small-4,0.04939331978813118,0.012
Mistral-7B,Phi-2,0.05330127490117357,0.012
Phi-3,Phi-3.5,0.04382212486182511,0.01
DeepSeek-V3.1,Qwen3.5,0.0566538384836773,0.01
Llama-2,Mixtral-8x7B,0.04815390580390115,0.01
Llama-3,Llama-3.3,0.04992689040237636,0.01
Llama-3.1,Mistral-Large-2,0.05605040077808959,0.01
Gemma-4-12B,Mixtral-8x7B,0.044261456944210374,0.01
Mistral-Medium-3.5,Qwen2.5,0.04935818784238535,0.01
Gemma-4-12B,Qwen3.5,0.041553192953440614,0.01
Phi-3,Qwen3.5,0.039249581554940564,0.01
Llama-1,Mixtral-8x7B,0.042037019516492684,0.01
Qwen-7B,Qwen3,0.042321926703424606,0.01
DeepSeek-V4,Qwen-7B,0.04356531012512294,0.01
Llama-4,Ministral-3,0.05951706221516206,0.01
Mistral-Small-3.1,Phi-3.5,0.05432938548890497,0.01
DeepSeek-V3.2,Gemma-1,0.05084602029010382,0.01
Mistral-Large-2,Mistral-Small-4,0.04066397067741922,0.01
Mistral-Small-3.2,Qwen2.5,0.036008830988425305,0.01
Gemma-1,Llama-1,0.04018364071463421,0.01
Mistral-Medium-3.5,Phi-1.5,0.039987598107355665,0.01
DeepSeek-R1,Phi-4,0.03997237573468245,0.01
DeepSeek-V3.2,Llama-4,0.048665148259790014,0.01
Llama-3,Phi-1.5,0.053730991104611464,0.01
DeepSeek-V4,Llama-4,0.037160836784531616,0.01
Mixtral-8x22B,Phi-3,0.04403080324705941,0.01
Gemma-3n,Mixtral-8x7B,0.04893070979549604,0.01
Gemma-1,Gemma-2,0.05659666239652491,0.01
Gemma-2,Mistral-Medium-3,0.04399894984156729,0.01
DeepSeek-R1,DeepSeek-V3.1,0.048174534560589316,0.01
Mistral-Large-3,Qwen-7B,0.0441035034512715,0.008
DeepSeek-R1,Mixtral-8x22B,0.04118860555551593,0.008
Llama-4,Mistral-Small-4,0.04067795656988686,0.008
Mistral-Medium-3,Phi-1,0.03454353317563898,0.008
Devstral-2,Phi-1,0.04618288077321944,0.008
Devstral-2,Qwen3.5,0.0461459607810542,0.008
DeepSeek-V3,Mistral-7B,0.03613437078822116,0.008
Llama-4,Qwen3.5,0.05277344729811207,0.008
Mistral-Small-2,Qwen-7B,0.03409333557748173,0.008
Llama-2,Mistral-Large-2,0.04972227951896832,0.008
Mistral-Small-3.1,Phi-1.5,0.05354296839152463,0.008
Llama-4,Qwen-7B,0.043460579133137375,0.008
Llama-3.3,Qwen3,0.0439990077554254,0.008
Llama-3,Phi-3,0.03770861424209077,0.008
Gemma-2,Qwen2.5,0.0406265718949761,0.008
Llama-3.3,Mistral-Small-3.1,0.044564294178144066,0.008
Llama-4,Mistral-Small-3.1,0.05277896893962133,0.008
Mistral-Small-3.1,Phi-4,0.055305064110580164,0.008
Llama-3.1,Mistral-Small-3.1,0.05037538716185131,0.008
Mistral-Large-2,Phi-4,0.04882623645028266,0.008
Llama-3.2,Qwen-7B,0.04988008234367531,0.008
DeepSeek-V3.1,Qwen3,0.04801737394971701,0.008
Gemma-1,Mistral-Small-4,0.036380339518244986,0.008
Gemma-4-12B,Mistral-Small-3,0.04361850479852022,0.008
Phi-1,Phi-4-reasoning-plus,0.043696253915193266,0.008
Mistral-Large-2,Mixtral-8x22B,0.04605922277053368,0.008
Llama-3.1,Phi-4-reasoning-plus,0.04757523635744578,0.008
Gemma-4-12B,Phi-1.5,0.043392597455559796,0.008
Llama-2,Mistral-Medium-3,0.042180305860097154,0.008
Ministral-3,Mistral-Medium-3,0.04112879680697967,0.008
Gemma-3,Phi-2,0.04758615299444751,0.008
DeepSeek-V3,Phi-3,0.03893854646198446,0.008
DeepSeek-V4,Phi-1.5,0.04405827982377763,0.008
Gemma-4-12B,Qwen1.5,0.04485215379178015,0.008
Mistral-Large-3,Qwen3.5,0.03644109457086202,0.008
DeepSeek-V3.1,Llama-3.1,0.055981650751530145,0.008
Mistral-Medium-3,Mistral-Small-3.2,0.031174781214068442,0.006
Mistral-Medium-3.5,Mistral-Small-3.2,0.03770477204697038,0.006
Llama-2,Phi-3.5,0.039955373862515936,0.006
Llama-1,Phi-3,0.040732590413534726,0.006
Llama-3.2,Mixtral-8x22B,0.04526688760030846,0.006
Llama-3,Phi-3.5,0.05809820100396082,0.006
Devstral-2,Llama-2,0.040303314605220825,0.006
Mixtral-8x22B,Phi-4-reasoning-plus,0.041089613548645695,0.006
Mistral-Large-3,Mistral-Small-3,0.042328402851182716,0.006
Gemma-3n,Qwen1.5,0.0445521343104844,0.006
Gemma-3,Phi-1.5,0.050589067864674514,0.006
Llama-4,Phi-4,0.050497658000085786,0.006
Mistral-Small-2,Phi-4,0.038500499532979085,0.006
Llama-3.1,Phi-3,0.03910835542071756,0.006
Gemma-3n,Mistral-Small-3.2,0.03998622607477526,0.006
Llama-3,Phi-1,0.03476158256380558,0.006
Phi-1.5,Qwen3.6,0.039478337770052226,0.006
Gemma-4-12B,Mixtral-8x22B,0.03368880984672945,0.006
Mistral-Medium-3.5,Phi-4,0.04241639844750871,0.006
Mistral-Small-3.2,Mistral-Small-4,0.03417824548636469,0.006
Phi-3,Qwen3,0.04359220354430751,0.006
Gemma-3n,Gemma-4,0.04788471238937358,0.006
Gemma-4-12B,Phi-2,0.04498545336249435,0.006
Gemma-3,Gemma-3n,0.044537591384378385,0.006
Gemma-1,Mixtral-8x7B,0.04555764364110623,0.006
DeepSeek-V3.2,Qwen2.5,0.040387768268570365,0.006
Gemma-4-12B,Mistral-Small-2,0.03270890050554735,0.006
Llama-3.1,Ministral-3,0.04867890129066173,0.006
Llama-1,Phi-1.5,0.03265287245182803,0.006
Mixtral-8x7B,Qwen1.5,0.04944060891051881,0.006
Mistral-Medium-3.5,Phi-4-reasoning-plus,0.0389879864459264,0.006
Gemma-4,Mixtral-8x22B,0.043144254330210595,0.006
Phi-4-reasoning-plus,Qwen-7B,0.0476297284916356,0.006
Gemma-4-12B,Llama-3.2,0.042137076781537705,0.006
Ministral-3,Phi-1.5,0.04819590193354526,0.006
DeepSeek-V3,Phi-4,0.03654590022665918,0.006
Llama-3.1,Mistral-Large-3,0.04406196926271819,0.006
Devstral-2,Qwen1.5,0.04728875025951174,0.006
Phi-4,Qwen3.5,0.04677774738018722,0.006
DeepSeek-V4,Phi-1,0.03582267686040267,0.006
Mixtral-8x7B,Phi-1,0.029885934175333154,0.006
Gemma-2,Llama-3.2,0.05581795437867869,0.006
Qwen2.5,Qwen3.6,0.031161944501799262,0.006
DeepSeek-R1,Llama-1,0.04010446208217036,0.006
Llama-3.3,Mistral-Medium-3,0.043909579714944455,0.006
Mistral-Small-3,Mistral-Small-4,0.0339979565633167,0.006
Mistral-Small-3,Phi-3,0.04028827449811495,0.006
Mistral-Small-3.2,Phi-1.5,0.045883338562661344,0.006
DeepSeek-V4,Mistral-Small-4,0.03316931198349968,0.006
Phi-3.5,Qwen2.5,0.045660828884080275,0.004
Mistral-Small-3.1,Phi-1,0.036523362528069966,0.004
Gemma-2,Llama-4,0.048176375788880996,0.004
Mistral-Small-2,Phi-4-reasoning-plus,0.028187864579757835,0.004
Llama-3.2,Phi-4-reasoning-plus,0.04637745738082862,0.004
Mistral-Small-3.2,Mixtral-8x22B,0.032406885981648294,0.004
Llama-2,Phi-4,0.04133127116368208,0.004
Ministral-3,Mistral-Small-4,0.031237471608962605,0.004
DeepSeek-V3,Mistral-Small-2,0.03679558484769346,0.004
Llama-3,Mixtral-8x7B,0.045962899573735456,0.004
Mistral-Small-3.1,Mistral-Small-3.2,0.03660348535109529,0.004
Gemma-3,Mistral-Small-3.1,0.04444489763665882,0.004
Llama-2,Qwen3,0.04808448768799399,0.004
DeepSeek-V3.2,Mistral-Medium-3.5,0.04355474338500671,0.004
DeepSeek-V4,Devstral-2,0.03685711690750204,0.004
Llama-3.3,Mistral-Small-2,0.03609933002150196,0.004
Mistral-Small-3.1,Qwen-7B,0.041750131852024266,0.004
DeepSeek-V4,Phi-4-reasoning-plus,0.038645825904319586,0.004
DeepSeek-R1,Devstral-2,0.03367969134857396,0.004
Mistral-Small-2,Qwen3,0.03409333557748173,0.004
DeepSeek-V3,Mistral-Small-3.2,0.034709682183544935,0.004
Llama-4,Mistral-7B,0.04509939696713606,0.004
Devstral-2,Gemma-4,0.04938520168468889,0.004
Gemma-1,Mistral-Large-2,0.045272004112956385,0.004
Gemma-3n,Gemma-4-12B,0.03292466728903684,0.004
DeepSeek-V3.1,Gemma-4-12B,0.04253404217243904,0.004
Gemma-4,Llama-3,0.049487166069705504,0.004
Phi-1,Qwen2.5,0.025977094036224335,0.004
DeepSeek-V3,Mistral-Small-4,0.0355128646870406,0.004
Phi-4-reasoning-vision-15B,Qwen1.5,0.049378793644360576,0.004
Mistral-Small-2,Qwen2.5,0.023662854935234214,0.004
Phi-1.5,Phi-4-reasoning-plus,0.032289073455260324,0.004
Mistral-Medium-3.5,Phi-4-reasoning-vision-15B,0.050017323706667054,0.004
Gemma-3n,Ministral-3,0.047736097180391984,0.004
Mistral-Large-3,Qwen3,0.03161077279752639,0.004
Mistral-Large-2,Mistral-Small-3.1,0.045818725612955115,0.004
Mistral-Large-3,Mistral-Medium-3,0.03505912023508585,0.004
Mistral-Small-2,Phi-4-reasoning-vision-15B,0.02458608703821498,0.004
Mistral-Large-2,Qwen2,0.0363630442303013,0.004
DeepSeek-V3.1,Qwen-7B,0.04600676453887549,0.004
Gemma-3,Llama-2,0.047138345796883245,0.004
Llama-4,Mixtral-8x22B,0.038918244570687835,0.004
Phi-1,Qwen2,0.03128497624120337,0.004
Mistral-Small-3.2,Phi-1,0.026722760851623922,0.004
Gemma-2,Qwen3.6,0.0264764356149469,0.004
Llama-3.3,Phi-4-reasoning-vision-15B,0.046116201439769994,0.004
DeepSeek-V3,Mistral-Medium-3,0.03323835047883385,0.004
DeepSeek-V3.2,Llama-2,0.03939333056849729,0.004
Gemma-1,Gemma-4-12B,0.04625453172689702,0.004
Mistral-Small-3.1,Qwen3,0.04576292776254394,0.004
Gemma-3n,Llama-1,0.03161943675776212,0.004
DeepSeek-V3,Qwen3.5,0.03704873312428949,0.004
Gemma-4,Phi-1.5,0.0394037851780199,0.004
Devstral-2,Mixtral-8x22B,0.03166506008218743,0.004
Gemma-4,Llama-2,0.04920049353550383,0.004
Llama-3,Llama-4,0.05122361317077859,0.004
Gemma-1,Phi-4-reasoning-plus,0.039294228285199864,0.002
Gemma-3n,Llama-2,0.030558313542681386,0.002
Mistral-7B,Qwen3.6,0.03648767120717548,0.002
Ministral-3,Phi-1,0.02716492265725754,0.002
DeepSeek-R1,Mistral-7B,0.04192192577817135,0.002
Devstral-2,Phi-4-reasoning-plus,0.036870920493824386,0.002
DeepSeek-V3,DeepSeek-V3.1,0.040606098655004606,0.002
Llama-2,Phi-2,0.034833573758096543,0.002
Gemma-1,Phi-1.5,0.04627987588548878,0.002
DeepSeek-V3.2,Qwen3,0.04088540579708517,0.002
Gemma-1,Phi-2,0.03625441736845884,0.002
Phi-2,Phi-4-reasoning-plus,0.047319361196770784,0.002
Qwen1.5,Qwen3,0.042595373980919,0.002
Llama-3,Phi-2,0.04681922387075457,0.002
Gemma-3n,Mistral-Medium-3,0.025879889678239707,0.002
Gemma-3n,Mixtral-8x22B,0.02998285714523899,0.002
Mistral-Medium-3,Qwen1.5,0.033264164494488026,0.002
Llama-4,Mistral-Small-3,0.03758617390388896,0.002
DeepSeek-R1,Qwen3,0.03395974609182253,0.002
Mistral-Medium-3,Phi-1.5,0.03916993610917546,0.002
Mistral-Large-3,Mixtral-8x22B,0.018494127166056126,0.002
Phi-2,Qwen2,0.03554996269920371,0.002
Llama-3,Qwen3,0.03980970043914766,0.002
DeepSeek-V3,Phi-2,0.03750544191086796,0.002
Mixtral-8x22B,Qwen3.6,0.02456120922441399,0.002
Llama-4,Phi-4-reasoning-plus,0.048174172100086024,0.002
Llama-1,Phi-2,0.02865999541285949,0.002
Gemma-3,Mistral-Large-2,0.03761071940470045,0.002
Gemma-3n,Phi-4,0.03806326689264423,0.002
Gemma-2,Mistral-Large-3,0.02834961093522894,0.002
Gemma-4-12B,Llama-1,0.03186604375789812,0.002
Mixtral-8x7B,Phi-1.5,0.050967584617761325,0.002
Gemma-4-12B,Phi-1,0.022372020046363874,0.002
DeepSeek-V4,Mixtral-8x22B,0.02858767581442949,0.002
Llama-1,Phi-4,0.026314867079005336,0.002
DeepSeek-V3,Phi-4-reasoning-vision-15B,0.03128967578428366,0.002
Llama-3.3,Mistral-Small-4,0.03022589876854936,0.002
Mistral-Large-3,Phi-3,0.018276906061556283,0.002
DeepSeek-V3.1,Llama-1,0.01103128699319336,0.002
DeepSeek-V4,Phi-4,0.03889245788173004,0.002
Llama-1,Mistral-Small-4,0.03381536696862413,0.002
Llama-1,Llama-3.3,0.035265292965761,0.002
DeepSeek-V3,Mixtral-8x22B,0.009911609574423165,0.002
Gemma-1,Llama-3.3,0.03530057730059356,0.002
Gemma-3,Phi-3.5,0.0402818237061635,0.002
Phi-3.5,Qwen3.6,0.022697660402622114,0.002
Gemma-1,Mistral-Small-2,0.03535635209096522,0.002
Llama-3.2,Mixtral-8x7B,0.048258474735075114,0.002
Llama-1,Llama-3.1,0.02943661377050397,0.002
Llama-3.1,Mistral-Medium-3,0.024477624835710567,0.002
DeepSeek-V3.2,Mistral-7B,0.03432388101199687,0.002
DeepSeek-R1,Gemma-2,0.03668171881644107,0.002
Qwen1.5,Qwen2,0.023297990227512427,0.002
Mistral-Medium-3.5,Qwen3.6,0.01502301241300859,0.002
Devstral-2,Mistral-Small-2,0.03181469725228679,0.002
Phi-4,Phi-4-reasoning-plus,0.042321453228680764,0.002
Mistral-Small-2,Phi-1,0.021201396559403413,0.002
Llama-3,Llama-3.1,0.05011752233408243,0.002
Mistral-Medium-3.5,Phi-1,0.042925987132309155,0.002
Gemma-4,Mistral-Small-2,0.038880918834598,0.002
DeepSeek-V3.1,Devstral-2,0.03966124580685778,0.002
DeepSeek-R1,Phi-2,0.03654237340485921,0.002
Mistral-7B,Phi-4-reasoning-vision-15B,0.05635944003275383,0.002
Llama-3,Mistral-Large-2,0.04897911399689949,0.002
Mistral-Large-3,Mistral-Small-3.2,0.029601418386317014,0.002
Mistral-7B,Mistral-Small-3,0.0225954731439635,0.002
Mistral-Large-3,Qwen2,0.03220980516112639,0.002
Phi-3,Qwen-7B,0.03356224552481749,0.002
