scenario,rep,s2_family,s2_era,s2_unique,share_family,share_era,share_unique,audit_hard_fail,cond
S1,0,0.9610714828140063,0.05440916018883967,0.298186879702754,0.7315941562097883,0.041417755443005695,0.226988088347206,False,
S1,1,1.2115498998013292,0.07778282758352226,0.30259954043851,0.7610561857998352,0.0488606388322502,0.1900831753679146,False,
S1,2,1.5344950221436462,2.061153622438558e-09,0.46108360873869897,0.7689474104461874,1.0328601381135932e-09,0.23105258852095242,False,
S1,3,0.12938734165120674,0.056959148525339155,0.3591817076086114,0.23717810037413087,0.10441100708743034,0.6584108925384389,False,
S1,4,0.2548051568068095,0.1223122828492422,0.1616596256307716,0.4729324487321327,0.22701835458442915,0.30004919668343805,False,
S1,5,0.6287817162799813,0.10760607092592586,0.32386252784175257,0.5930502517716457,0.10149119448371852,0.30545855374463576,False,
S1,6,0.5022149751448536,2.061153622438558e-09,0.3577334452476502,0.5840059264390568,2.396834006111144e-09,0.41599407116410925,False,
S1,7,0.2932369427786794,0.06743402291048463,0.4509726561400355,0.36128780525350757,0.08308329061775747,0.5556289041287349,False,
S1,8,0.032138812010079086,0.12445082762980068,0.24660143001687312,0.0797111206789369,0.3086646431324705,0.6116242361885926,False,
S1,9,0.5195671716315697,2.061153622438558e-09,0.2403878011186951,0.6836815191064438,2.712204921021841e-09,0.3163184781813514,False,
S1,10,1.4043792243914892,0.10601920474590877,0.33394313025432937,0.7614528975070431,0.057483498219751884,0.1810636042732049,False,
S1,11,0.46153068410431386,0.011727695354522527,0.2767841146948552,0.6153393810374447,0.01563604121891179,0.36902457774364344,False,
S1,12,0.39185452062100046,0.047187525467618924,0.4131098383379142,0.459841171254,0.05537454804711764,0.4847842806988823,False,
S1,13,1.5090324890984683,0.12173334370688885,0.2872870601608316,0.7867522812495605,0.06346714637187784,0.14978057237856154,False,
S1,14,0.20150606256834547,0.055118762563947904,0.3228636960002969,0.34773089581569083,0.09511622845646743,0.5571528757278419,False,
S1,15,0.27785250830675506,0.16409369524504241,0.2438614137716321,0.4051464307018899,0.23927073876121033,0.3555828305368998,False,
S1,16,0.3816401169275437,0.17741124347435333,0.2355336629860718,0.4803011706667945,0.22327534279201922,0.2964234865411864,False,
S1,17,0.5775286640301556,0.10049418374463175,0.2344554981727252,0.6329231445272852,0.11013322583592834,0.2569436296367865,False,
S1,18,1.274317224009775,0.013674951621815406,0.28461393987045563,0.8103219308688471,0.00869572583179848,0.1809823432993545,False,
S1,19,0.6353136507651177,0.11554143541000204,0.2566572215659799,0.6305765655503776,0.11467992452524234,0.2547435099243801,False,
S1,20,0.37725731945003743,0.17233896911428173,0.28341282562778636,0.4528849841167953,0.20688725510695619,0.3402277607762485,False,
S1,21,0.5790083699742724,0.2219408871111593,0.39975212327642884,0.48222512228625414,0.18484270172511336,0.3329321759886324,False,
S1,22,0.428926398034046,0.17916818715475524,0.1747446850943587,0.5479111923944483,0.2288696977221755,0.22321910988337618,False,
S1,23,0.05832423545334648,0.10840636178770933,0.4073861405691324,0.10158950543021682,0.18882285543737298,0.7095876391324102,False,
S1,24,0.3923766194476236,0.2500672561129745,0.24843220984968123,0.4404390530551963,0.2806981354739249,0.27886281147087877,False,
S2,0,0.23322906053441683,0.21970840518775286,0.29089081001096584,0.3135522917632306,0.29537517240952266,0.39107253582724677,False,
S2,1,0.26832516697012565,0.3907137449975398,0.3068833701452585,0.277791673242254,0.40449811773972755,0.31771020901801855,False,
S2,2,0.21384216288539298,0.2795137876041132,0.5144655107175365,0.2121825850277881,0.2773445479810943,0.5104728669911177,False,
S2,3,2.061153622438558e-09,0.3285324949923499,0.407345318590357,2.8009454540155414e-09,0.4464497882775532,0.5535502089215012,False,
S2,4,0.0994310306724373,0.5136023818143213,0.17015220630631833,0.12695717118205624,0.6557862778504601,0.21725655096748364,False,
S2,5,0.047354699042756965,0.6234946391385552,0.33032434496099394,0.04729918478692773,0.6227637118682955,0.32993710334477694,False,
S2,6,0.13945336948393328,0.23950128717135014,0.4019687301615384,0.17857496886137478,0.3066898638387546,0.5147351672998707,False,
S2,7,0.08038444306828434,0.496091682965627,0.4572478687985346,0.07776199785447921,0.47990729193244414,0.4423307102130766,False,
S2,8,2.061153622438558e-09,0.7740212027465478,0.23919068225719273,2.034276984658536e-09,0.7639282687343496,0.23607172923137357,False,
S2,9,0.03075183025962414,0.39769809069079776,0.24647363361192753,0.045563427223346796,0.5892490905117143,0.36518748226493897,False,
S2,10,0.37709197848796405,0.47176384601759486,0.33749826041149006,0.3178578666202601,0.3976585506936414,0.2844835826860986,False,
S2,11,0.01024816356583554,0.9339256940194736,0.23771698717260864,0.008670989889878225,0.7901962335707626,0.20113277653935913,False,
S2,12,0.09555266410874419,0.6659827159972338,0.4316453509467341,0.08008230574126066,0.5581574514781635,0.3617602427805759,False,
S2,13,0.3348412857029628,0.6479816658129529,0.28913804250322717,0.2632480770066157,0.5094351704649842,0.22731675252839997,False,
S2,14,0.027183618981700398,0.4481043843992494,0.3148279321831013,0.03440459527283733,0.567137510116607,0.39845789461055575,False,
S2,15,0.03621711648677841,0.8943744020083975,0.2476816427612459,0.030737453485029913,0.7590552271043024,0.21020731941066778,False,
S2,16,0.03709565026879194,0.6124686256878816,0.22699586421981366,0.042319572347110236,0.6987183167655407,0.258962110887349,False,
S2,17,0.1739114605740326,0.45960770230789716,0.21237950627707206,0.20559372761153122,0.5433365946359063,0.2510696777525625,False,
S2,18,0.11865444848454752,0.26574514441569036,0.28338644627501697,0.17768333197125682,0.3979495359679836,0.42436713206075966,False,
S2,19,0.11146215240852053,0.448712588585027,0.258275745680869,0.13618679959666358,0.5482464680401943,0.31556673236314203,False,
S2,20,0.06411890604624607,0.5315363455511367,0.2783102222057526,0.0733654909355025,0.6081891807900729,0.31844532827442473,False,
S2,21,0.025522565826099925,1.0236388085531896,0.3969178662403027,0.017649493270620795,0.7078718646943563,0.2744786420350228,False,
S2,22,0.0671947287328199,0.5090179996101748,0.17478017847969296,0.08947451849726303,0.6777933519555277,0.2327321295472092,False,
S2,23,2.061153622438558e-09,0.5708608662855502,0.4049682260949712,2.112207592680823e-09,0.5850008669931807,0.4149991308946118,False,
S2,24,0.03404845910342695,0.6259006021167178,0.23658392221870755,0.03797792131732453,0.6981344955273552,0.26388758315532035,False,
S3,0,0.6059064080939954,0.13990264394812213,0.29270698784563326,0.5834348096919961,0.1347139943676206,0.28185119594038316,False,
S3,1,0.7333534623719258,0.233401361697604,0.3048318403024334,0.5767231466949436,0.1835512814322262,0.23972557187283008,False,
S3,2,0.8565366300699047,0.08923273105350524,0.5185107668951388,0.5849540765324478,0.060939658570832486,0.35410626489671965,False,
S3,3,0.0779518086263311,0.20105220691626102,0.3667623117313611,0.12071209868652942,0.31133894479290297,0.5679489565205676,False,
S3,4,0.17665861349153028,0.30646720938572924,0.16701051354810292,0.2717254883227269,0.47138914134652826,0.25688537033074477,False,
S3,5,0.327335344397651,0.35547752407855493,0.33189819913739416,0.3225897054296244,0.35032388570922735,0.32708640886114815,False,
S3,6,0.3248797793739384,0.07078481359460222,0.40570064754973234,0.4054078751454536,0.0883302769019817,0.5062618479525647,False,
S3,7,0.20054835186828862,0.27901677492597043,0.4561621843589337,0.21432349946175272,0.29818171554927625,0.48749478498897103,False,
S3,8,2.061153622438558e-09,0.43546061672972136,0.24314690524446786,3.037327983311912e-09,0.6416973011738106,0.3583026957888613,False,
S3,9,0.2129779308397662,0.15937337470873347,0.2622922661100173,0.33558668258970936,0.25112264872114326,0.4132906686891474,False,
S3,10,0.9606794673406803,0.2997600224497804,0.3342992774190465,0.6024055394487516,0.18796810400132433,0.20962635654992406,False,
S3,11,0.17875000110623113,0.4211528381121964,0.24980750590795656,0.21036580539647806,0.4956428276150445,0.2939913669884774,False,
S3,12,0.25674160095557064,0.3509220911987703,0.42816916938282407,0.2478600655462589,0.3387825432357935,0.41335739121794757,False,
S3,13,0.9785798943624213,0.3908754710435143,0.28632685246778816,0.5910076118700361,0.23606695785479434,0.17292543027516952,False,
S3,14,0.09874053416340789,0.2404866562784169,0.32340351490773533,0.14901291679702483,0.36292712416873596,0.48805995903423915,False,
S3,15,0.1578006108413659,0.5388412388922521,0.24859284579713586,0.16694331216096558,0.5700607917165907,0.26299589612244373,False,
S3,16,0.2071530067072957,0.4095794219909116,0.23157645040059555,0.24419525931092906,0.4828187374698076,0.2729860032192635,False,
S3,17,0.3746287877545906,0.2997466330208783,0.21732521834035057,0.42012842799581257,0.3361516408893651,0.24371993111482235,False,
S3,18,0.6658009276973735,0.12970030926675172,0.2864761835325049,0.6153556581539099,0.11987339736463166,0.2647709444814585,False,
S3,19,0.3541761361032822,0.28017804099629723,0.25828087150929174,0.3967759686954357,0.31387748154516365,0.2893465497594006,False,
S3,20,0.2280417024354842,0.3726190834238225,0.27427773845024594,0.26063740034243044,0.42588030252510645,0.31348229713246306,False,
S3,21,0.2610468285549632,0.6159929680252277,0.4068422678320298,0.20332617441343737,0.4797893709242196,0.3168844546623431,False,
S3,22,0.254910493870243,0.36084012930294523,0.17233307451236177,0.3234561184539993,0.45787031296632985,0.21867356857967093,False,
S3,23,0.004697019553582965,0.3401721456580031,0.4269878189050065,0.006085349553400503,0.4407191392422751,0.5531955112043243,False,
S3,24,0.16958979900133633,0.47773672152329555,0.23891697719267618,0.19135801778873157,0.5390580836460849,0.26958389856518344,False,
S4,0,0.4825802303144626,0.41923580488065754,0.2455995070912902,0.4205801756466047,0.3653739987217383,0.21404582563165706,True,7.868289373561322e+17
S4,1,0.1220509624141259,1.0596363918225606,0.33394432236157284,0.0805281153057329,0.6991384570431045,0.2203334276511626,True,7.868289373561322e+17
S4,2,0.37729727177645433,0.00017056263893649009,0.2728163036172603,0.5802037135919037,0.0002622894039096584,0.41953399700418653,True,7.868289373561322e+17
S4,3,0.737777820714094,0.861454607030014,0.30681614169364363,0.3870718892182924,0.4519583712833335,0.16096973949837418,True,7.868289373561322e+17
S4,4,0.5940952651030507,0.0018360182494293852,0.4973860703466887,0.5433877575371576,0.0016793095282145992,0.45493293293462783,True,7.868289373561322e+17
S4,5,0.4477400280472143,0.08572753954752822,0.6100952960819368,0.3915307520634951,0.0749653055992959,0.5335039423372091,True,7.868289373561322e+17
S4,6,0.5649246883645361,0.3451845655621146,0.10876956874707537,0.5544571894055758,0.33878863499811157,0.10675417559631277,True,7.868289373561322e+17
S4,7,0.0012268981032191064,0.08203932643521207,0.23720318453893016,0.003828440620124628,0.2559973717036055,0.74017418767627,True,7.868289373561322e+17
S4,8,0.26647220357761336,0.2685526944465712,0.45763880850634403,0.26844156971242933,0.2705374364750305,0.4610209938125402,True,7.868289373561322e+17
S4,9,0.0011218120425879746,0.5002837454394689,0.39950159665688834,0.0012452027242032088,0.5553111029711182,0.44344369430467856,True,7.868289373561322e+17
S4,10,0.08361043406362943,1.0828549247400614,0.17748808644078057,0.06221229936161985,0.80572353794821,0.13206416269017016,True,7.868289373561322e+17
S4,11,0.25702179942900943,0.024977921185737745,0.36048712180623116,0.4000421214238662,0.038876938073342505,0.5610809405027911,True,7.868289373561322e+17
S4,12,0.547723794839166,0.03808383974500692,0.18333855843226615,0.7121192301441442,0.04951443573509691,0.23836633412075878,True,7.868289373561322e+17
S4,13,0.15365308241975456,0.6198300311701297,0.20931567653681987,0.15634236016910982,0.6306784637883204,0.21297917604256975,True,7.868289373561322e+17
S4,14,0.043722561767457556,0.3723078913920046,0.40646095087439194,0.05315868537108495,0.4526587020436268,0.49418261258528834,True,7.868289373561322e+17
S4,15,1.0426626607160319,0.14408524085372365,0.457176812226295,0.6342520749069944,0.08764710430139518,0.2781008207916105,True,7.868289373561322e+17
S4,16,0.0008200640428053402,0.07499897622983394,0.46041582027756284,0.0015293001315951672,0.13986217933105183,0.858608520537353,True,7.868289373561322e+17
S4,17,0.5690905821033261,0.32218593084908315,0.3029725749408369,0.47652586706785666,0.26978118226361447,0.25369295066852887,True,7.868289373561322e+17
S4,18,0.7088703472283508,0.09678099398539507,0.48285746421285597,0.5501478486161038,0.07511085184501524,0.374741299538881,True,7.868289373561322e+17
S4,19,0.05556284093354447,0.012934555257897247,0.33501605281493807,0.13769761843220743,0.03205483061282734,0.8302475509549652,True,7.868289373561322e+17
S4,20,0.45549784909891405,0.44757741237134296,0.33742850385448536,0.36718780049786676,0.36080294545029046,0.27200925405184273,True,7.868289373561322e+17
S4,21,0.005670666329452031,0.06928664969320124,0.3905434936119961,0.012181861367550966,0.14884324207208408,0.838974896560365,True,7.868289373561322e+17
S4,22,0.13937690224219665,0.7368626457798696,0.3342492501216418,0.1151410095293174,0.6087314867430851,0.27612750372759753,True,7.868289373561322e+17
S4,23,0.2730604913432134,0.26869478325003954,0.23958686076100016,0.3494762140523887,0.34388876663897805,0.3066350193086333,True,7.868289373561322e+17
S4,24,0.828437914142062,0.4542558149377482,0.457576549854541,0.476039799202543,0.2610260144280061,0.26293418636945093,True,7.868289373561322e+17
S5,0,0.5927358214074047,0.20811848689940157,0.7147798794803832,0.3910810578064308,0.13731445791893387,0.4716044842746353,False,
S5,1,0.08427541846719758,0.1399812100716494,0.7475934428405046,0.0867164812238837,0.1440358077794586,0.7692477109966577,False,
S5,2,0.8197410917750083,0.9773032051058136,0.499377232739915,0.356964556028349,0.42557657315955366,0.21745887081209747,False,
S5,3,2.061153622438558e-09,1.1286866790772052,0.5332406823215795,1.2402188373308187e-09,0.6791432067929921,0.3208567919667889,False,
S5,4,0.5261419498749264,0.3293010869491258,0.7606436495519981,0.32556542561139407,0.20376449464326574,0.47067007974534014,False,
S5,5,0.06553499368282982,0.3000262743336862,0.5890986306202971,0.06864747726013123,0.3142755600838608,0.617076962656008,False,
S5,6,0.39447179768026885,0.1398211403203208,0.661496835468739,0.32988390303405357,0.11692786091877976,0.5531882360471668,False,
S5,7,0.06785214583080737,0.016811743440742037,0.7738029421152036,0.07903875065411688,0.019583451364783223,0.9013777979810998,False,
S5,8,0.26052828463846467,0.37770527185662006,0.44623207950008537,0.24023655152464876,0.34828698975787764,0.4114764587174736,False,
S5,9,0.3845889839686508,0.23565775361108549,0.4415358795220953,0.3622106613672,0.22194538676317815,0.41584395186962203,False,
S5,10,0.17077291310765993,0.22953174549195782,0.37997497305890265,0.2188611699944983,0.29416600943956145,0.4869728205659404,False,
S5,11,0.12778763019154166,0.3390811331350337,0.5229231300974744,0.12910555344061045,0.34257820799282246,0.5283162385665671,False,
S5,12,0.7920947735191578,0.38470095165891155,0.5584209344124355,0.4564817708159193,0.22170196991406102,0.3218162592700197,False,
S5,13,0.2696424769334601,0.27901342454279726,0.5942457128048438,0.2359279867699447,0.24412724687443899,0.5199447663556163,False,
S5,14,0.011950651815247348,0.5159689072098443,0.3851350345172012,0.013088649791337796,0.5651019236517806,0.42180942655688164,False,
S5,15,0.746621588470032,0.363788063790174,0.6998931815540568,0.41242911104376884,0.20095425858870342,0.3866166303675277,False,
S5,16,0.5606402893315141,0.020938378046407507,0.5572975784759461,0.49227498718368334,0.01838512140597774,0.4893398914103389,False,
S5,17,0.7240409988236511,0.2790080914396773,0.5052107693865403,0.48005056568417315,0.1849867512249825,0.33496268309084426,False,
S5,18,2.061153622438558e-09,0.4533422898732879,0.7134579859160596,1.766500798436258e-09,0.3885346091178883,0.6114653891156109,False,
S5,19,0.5289916825030041,0.5418018151153806,0.44531240631860064,0.34891473025026276,0.3573640955479715,0.29372117420176563,False,
S5,20,0.17401239097073035,0.22299015844137174,0.37921439676891516,0.2241800978796846,0.28727813730231216,0.48854176481800315,False,
S5,21,0.2183816325695901,0.27359198069164437,0.6236360779360582,0.19575092820789222,0.24523987452817878,0.5590091972639288,False,
S5,22,0.8542797213029671,0.09241760439722412,0.6972619479554242,0.5196477400582649,0.05621648046774193,0.4241357794739932,False,
S5,23,0.3172983217364658,0.3224248975815339,0.5856117308638785,0.25894823426800057,0.26313205016610025,0.47791971556589924,False,
S5,24,0.17760064832319908,0.4942504912851826,0.6465732645594144,0.13470673613274212,0.37487965917709093,0.4904136046901669,False,
S6,0,0.589318689858814,0.13701653831849764,0.3321203323620758,0.5567722555668733,0.12944949549764206,0.31377824893548456,False,234.11998581492105
S6,1,0.7042634564692353,0.22361232457912367,0.3446991493488634,0.5534161012030986,0.17571643070897616,0.27086746808792533,False,234.11998581492105
S6,2,0.7934950462902893,0.06570572262078357,0.5808744997935339,0.5510094253643167,0.045626589143418834,0.4033639854922645,False,234.11998581492105
S6,3,0.076466816125393,0.18834665482432525,0.4150520889054102,0.11247343686844087,0.27703514627871395,0.6104914168528451,False,234.11998581492105
S6,4,0.17734097699504622,0.2966479527217671,0.18832796846826716,0.2677584966969835,0.4478942837403955,0.284347219562621,False,234.11998581492105
S6,5,0.2937080837543874,0.33701002214644005,0.37417695759898717,0.2922773674810092,0.3353683726664085,0.3723542598525823,False,234.11998581492105
S6,6,0.3302811143170739,0.04716118280627962,0.45648429326412515,0.3960553820014432,0.05655315869513944,0.5473914593034174,False,234.11998581492105
S6,7,0.19607941170906032,0.25891322567440916,0.5168458782413422,0.201761309679106,0.2664158926732281,0.5318227976476658,False,234.11998581492105
S6,8,2.061153622438558e-09,0.41866373100934196,0.2697350840058934,2.9941271996837836e-09,0.6081703231092048,0.39182967389666784,False,234.11998581492105
S6,9,0.17930953675496303,0.11440649669334389,0.30409814904409227,0.2999419251102207,0.19137467802513783,0.5086833968646414,False,234.11998581492105
S6,10,0.9229307730460098,0.2869384858915771,0.38016156374734716,0.5804483535026976,0.18046095823919397,0.2390906882581084,False,234.11998581492105
S6,11,0.1658798149261184,0.3707975162768132,0.28493386702133666,0.20189575712287164,0.45130533405363804,0.34679890882349035,False,234.11998581492105
S6,12,0.2465015268370924,0.3091841953287217,0.4850343398111704,0.23685670704649467,0.29708680232548385,0.46605649062802146,False,234.11998581492105
S6,13,0.9268645410355789,0.3688088004193392,0.32526580878412664,0.5718071162010563,0.22752785036066892,0.20066503343827477,False,234.11998581492105
S6,14,0.08905100942238875,0.221912158345479,0.3661838596509327,0.13150911961002032,0.32771635901789353,0.540774521372086,False,234.11998581492105
S6,15,0.1457320785344751,0.5100286371682805,0.28054326770770793,0.15564611612956047,0.5447254804048938,0.29962840346554565,False,234.11998581492105
S6,16,0.18744484330874592,0.40689832959959765,0.26268784786663646,0.21871418742724946,0.474776664713554,0.3065091478591965,False,234.11998581492105
S6,17,0.38203709436752586,0.29500402195272313,0.2480914320295194,0.41295390055078646,0.3188775732503899,0.2681685261988237,False,234.11998581492105
S6,18,0.5934559402578728,0.11234416300326475,0.3247923897978355,0.5758395721439762,0.10900929684613579,0.31515113100988795,False,234.11998581492105
S6,19,0.3296216500185146,0.2737458266584925,0.2923547902418029,0.3679953733341678,0.3056146271769588,0.3263899994888733,False,234.11998581492105
S6,20,0.21442636864854492,0.3717221364222339,0.3131798788883382,0.23842944632145915,0.4133330416925128,0.348237511986028,False,234.11998581492105
S6,21,0.23475100361807952,0.6034419996912921,0.4580534295114624,0.18110059759796196,0.46553030690168096,0.353369095500357,False,234.11998581492105
S6,22,0.23728591137915592,0.3615101629825672,0.1963554420391112,0.29841597039669177,0.4546431158414979,0.24694091376181043,False,234.11998581492105
S6,23,2.061153622438558e-09,0.321337556852305,0.4802903040412465,2.5712100560494372e-09,0.40085627222074455,0.5991437252080454,False,234.11998581492105
S6,24,0.14920759689125976,0.4900344789072468,0.27087424468808025,0.16394343616592552,0.5384306026346759,0.29762596119939855,False,234.11998581492105
