term,estimate,se,z
const,0.34568836468500574,0.012728591464096092,27.158414633708606
same_root,0.13278651060770907,0.007666952531597933,17.319333863155396
gap0,0.009983410403590964,0.004842935739480393,2.061437718903555
gap1_2,0.004864283160030958,0.004392785288130595,1.1073346045786396
gap3_5,0.006674885974901956,0.004737757050476611,1.4088704641852567
gap6_11,0.004942057325094229,0.003976070402831924,1.2429501554032567
acc_sum,0.2351239906138025,0.01239974367562257,18.96200411594374
acc_absdiff,-0.39580282689871504,0.011779914870980238,-33.59980366868128
position_tv,-0.19407708074778096,0.014202346355431779,-13.665142075172314
