rep,scenario,s2_family,s2_era,s2_unique,share_family,share_era,share_unique,ci_family_low,ci_family_high,ci_era_low,ci_era_high,ci_unique_low,ci_unique_high,converged,n_convergence_warnings,llf
0,A,0.334623845869896,0.08659117591884437,0.3473213641845366,0.435404038087445,0.1126702359175682,0.45192572599498676,0.1305082162943989,0.7632505848788828,0.013536330437285709,0.5295765893382914,0.13764851430871286,0.7645760608257236,1,0,-9.343956603443376
1,A,0.6407910661199927,0.3138301109394267,0.24344627798003318,0.5348539127948279,0.26194694599152785,0.20319914121364432,0.19556728140213897,0.8347065785461331,0.07073390226163248,0.5588320185597552,0.06521215556109522,0.419161459759961,1,0,-9.640578484660077
2,A,0.25591621977308926,0.22092287483484324,0.415259939953831,0.28686974187659114,0.2476438896084781,0.4654863685149308,0.05795784359584075,0.699475782648542,0.05874172188169127,0.565851470049717,0.16101355063648645,0.7370165680551525,1,0,-14.92525552326674
3,A,0.1825145858372085,0.347650871663032,0.3122506614323165,0.21665609398414234,0.4126830717621449,0.37066083425371277,0.04477579059766345,0.5969582350351689,0.14071026814143478,0.7034120969281786,0.13992429238239237,0.623714646491298,1,0,-11.387333390332145
4,A,0.10654634703482697,0.20889041744533113,0.3741529384166933,0.15450687066126934,0.3029198617204075,0.5425732676183231,0.022429210468259363,0.5651741865115765,0.08522976757865336,0.6166545511192137,0.19878776426033917,0.8002081896255826,1,0,-11.318240903405144
5,A,0.5553880432571451,0.11260229212150395,0.28184110813629915,0.584722739017646,0.11854976258188261,0.2967274984004713,0.2428531728805887,0.8481288019849962,0.023359141235117502,0.4091107928610812,0.09454913803180474,0.5849621587297413,1,0,-7.5305733412131595
6,A,0.6040159189296762,0.21213776135406967,0.395107837511381,0.4986668114654325,0.1751378692689143,0.32619531926565315,0.16711575036211393,0.8150897056831161,0.03732793178259692,0.4660924850056501,0.10910578112914997,0.5927447638955546,1,0,-15.75464609220661
7,A,0.9062648897295835,0.4346572816147972,0.28268744612866453,0.5581790597792077,0.26771046250101016,0.17411047771978205,0.21274724487483002,0.8458067455848769,0.07313764044155434,0.5732660866252238,0.05276905902864508,0.38488304648153887,1,0,-14.414382786358587
8,A,0.4526207957306082,0.2508902084908957,0.36904921633749505,0.4220003567675766,0.2339171299492501,0.3440825132831733,0.1240345399069826,0.7680742086118874,0.05501131115478522,0.5490882999532096,0.11995159296596232,0.5997434497133061,1,0,-14.61079279857214
9,A,0.2429465058193892,0.11147922515294935,0.19297214558379464,0.4438206946432613,0.20365300986241158,0.3525262954943272,0.14158960303011348,0.7756104651025156,0.035255511187034703,0.5728457350856042,0.12846537294072513,0.6168860729826848,1,0,0.885583441367011
10,A,0.3401575518633819,0.1022200770721677,0.40063509380463125,0.40350227545524187,0.12125567540654097,0.4752420491382171,0.11200728911335077,0.7435176846214147,0.013829589702237447,0.5050597509304903,0.17713219158572838,0.7515110336272312,1,0,-12.419221980682352
11,A,0.8757650234180995,0.3426743606686597,0.2700051507263102,0.5883759877744353,0.23022313069374498,0.1814008815318198,0.22670556203310535,0.8613603452364678,0.05288938078061584,0.5603316887287613,0.05370293281692976,0.4019092925015008,1,0,-12.43938230107449
12,A,0.364919112229009,0.4293721419022353,0.18130152331278898,0.37404859964734954,0.4401141048083118,0.1858372955443386,0.11271553428302496,0.7289195135104253,0.1618367667172909,0.7097226394655194,0.0696873061970982,0.3532923256706295,1,0,-5.377968779426723
13,A,0.4119278850113807,0.37247535308653223,0.2974653500842139,0.3807559342337009,0.344288906393341,0.2749551593729581,0.10725469168022099,0.7401998424530586,0.09927081878406908,0.6602763491831403,0.09622734754628279,0.510662291235399,1,0,-12.63831330646013
14,A,1.1444664837854321,0.45417496151273756,0.334899284572565,0.5919019269182628,0.23489288562496485,0.17320518745677232,0.23495791159136442,0.8618843807229788,0.05663541523663863,0.5499959140138909,0.05463630004222604,0.3760506860650244,1,0,-17.840108708515658
15,A,1.0381093489723925,0.3275739058389015,0.1813136960653929,0.6710480899035343,0.2117482556466996,0.11720365444976603,0.311198365257947,0.8957491779974843,0.053128588032697516,0.5145893389909714,0.035637877443334805,0.27147770868091176,1,0,-6.417061260475663
16,A,0.21533736172471646,0.22504103134528536,0.25780048619327045,0.30842720701024834,0.32232575064824603,0.3692470423415056,0.07501194377384066,0.6880037013839855,0.09120637970816546,0.6320859800537476,0.12223829396623485,0.652931293776515,1,0,-6.59181671560146
17,A,0.9834603867687167,0.1684850745851227,0.30220239784514724,0.6763138841399893,0.11586516014811057,0.20782095571190032,0.3187471794237375,0.8869351574038624,0.022347112270493654,0.4227336583608255,0.06388766887463149,0.46109263103066495,1,0,-11.487566651609956
18,A,0.029132482523855512,0.03230166022224907,0.302436822273117,0.08006267420187423,0.0887722938282331,0.8311650319698927,0.0022843426182198217,0.7235346934641537,0.003655586665314,0.6408809583387081,0.15308732843005152,0.9744860244366305,1,0,-0.6251794585772537
19,A,0.26984714144888877,0.21268062309016453,0.24044178100159547,0.37324828288180867,0.2941764620681475,0.3325752550500437,0.10062885534462018,0.7425752743202896,0.08427454614024714,0.5845307877054969,0.11771106843614632,0.5780151478256408,1,0,-5.675887794325394
20,A,0.36173838231262717,0.5825716864451161,0.4271421616905889,0.26376302016321324,0.42478452658513055,0.31145245325165627,0.06372924009442334,0.6312479136353317,0.14004540164585533,0.728939912798981,0.11411895508658759,0.5570294934188474,1,0,-20.316889863290168
21,A,0.24308954591431933,0.16665862834532572,0.410689186315906,0.29629263316798227,0.20313388486893355,0.5005734819630842,0.06500877280263853,0.6935388684239475,0.04533352730364065,0.5182290914245521,0.17312500568882128,0.775954418036393,1,0,-13.635867013383663
22,A,0.2688351705681076,0.1286521046082108,0.31834400858052986,0.3755566104308803,0.17972406002293556,0.44471932954618415,0.10155725564881753,0.7340901198222635,0.03743001196775328,0.4960096086699622,0.1446916102311385,0.7459254653224718,1,0,-8.489060123193056
23,A,0.3550165536034723,0.24164829698231485,0.17982709078253442,0.45720571546160266,0.31120515759183043,0.23158912694656691,0.14648530944549595,0.7891984518446322,0.0858689235756386,0.6193294772007802,0.08047855390217552,0.4402802546470281,1,0,-2.208075666567737
24,A,4.7758807879199234e-08,0.14137819985766206,0.34255856640641724,9.86881065777743e-08,0.292141857699166,0.7078580436127274,1.0531249197738439e-13,0.9999999999999672,3.305115410825318e-15,0.6672372684259621,2.0764736896626815e-14,0.9177689914335693,1,0,-5.56516862518005
25,A,0.23529184425592906,0.25515531283500004,0.2819404415993416,0.3046292362214397,0.3303462060598385,0.3650245577187217,0.07324420520755572,0.6894632801880238,0.10327908823306481,0.6096221632882239,0.13876024036703644,0.5978138778642287,1,0,-8.807999389065609
26,A,0.04124380002493206,0.080763013035925,0.2552027125645045,0.10933923250362118,0.21410650460650751,0.6765542628898712,0.008687602401997232,0.6086819145144309,0.04112360772137141,0.5608000462378063,0.21822134449442598,0.8937398676404248,1,0,0.23886962306127302
27,A,0.4848596411118786,0.06580712231865797,0.47163108115628205,0.4742841273502283,0.06437177058243254,0.4613441020673391,0.12597106204558042,0.7902588962030612,0.002827037006565545,0.6349200785083398,0.11472910926842252,0.7744537279227685,1,0,-15.239594554633836
28,A,0.5018826005335258,0.16328329160938773,0.4043375851920541,0.46926691793853476,0.15267205303180845,0.3780610290296568,0.1559288871507099,0.7915392398076565,0.03229440313454301,0.44296741116436256,0.1273519711788845,0.6704517709418039,1,0,-14.819019059258903
29,A,0.380318946566628,0.18246408439814885,0.34864623622984076,0.4172775225193843,0.2001955510599017,0.382526926420714,0.12412031798775083,0.7636743545201674,0.040032690992469776,0.5395329336203091,0.1356661832600778,0.6418411647066389,1,0,-12.033522912992094
30,A,0.31388767118734073,0.17679877821474962,0.3861968230214295,0.3579583292994307,0.20162179365802613,0.44041987704254315,0.09245487623486184,0.7067120304163621,0.03401598559563853,0.6299732210092008,0.14860463290072765,0.7185437504306668,1,0,-13.277540675029654
31,A,0.7367854917339802,0.3888684062125368,0.314784390846338,0.5115009073741271,0.26996533571627296,0.21853375690960006,0.17871811553850575,0.8170702589994324,0.0655667876026991,0.610091003926982,0.07066984259711388,0.44907842250504115,1,0,-15.071400594384201
32,A,0.6257138401246667,0.15506047487840147,0.19370503598855388,0.6421006658457621,0.1591213551324748,0.198777979021763,0.2892798274666266,0.8755516037025105,0.035001460731923034,0.4468774355386849,0.05836871128214619,0.45445165402849413,1,0,-2.6929366214959494
33,A,0.6707484385536358,0.2744182129840552,0.26024474786246654,0.5564477313616054,0.22765523299399065,0.21589703564440385,0.21082062674626548,0.8430765672547533,0.0585040885035567,0.5251219382469939,0.06881734537774131,0.444084603317933,1,0,-10.175028622149613
34,A,0.6366658083294245,0.19365155786518484,0.28095398530708815,0.5729166035541878,0.17426127075398565,0.2528221256918266,0.23011648399299509,0.8410430548340497,0.038153365163068255,0.5025959952708169,0.07292366457839664,0.5474305908859076,1,0,-9.788318278469832
35,A,0.525947904626315,0.13895867484277027,0.2715873600436714,0.5616137835338877,0.14838181965712274,0.2900043968089896,0.22001624653639587,0.8400663985476586,0.02741213140082472,0.46962587251741805,0.0998255007358838,0.5406395940237959,1,0,-7.495185857104946
36,A,0.5833070446983186,2.061153622438558e-09,0.2495628723442428,0.7003579206294771,2.474760554033034e-09,0.29964207689576244,1.9129158267516345e-14,0.8758110253679575,4.889442889216956e-14,0.9999999999999581,1.6262900055637732e-14,0.5805194820599495,1,0,-0.24578491541958059
37,A,0.41530174118138863,0.09698990792068135,0.2616819021271907,0.5365838929790134,0.12531424073424405,0.3381018662867425,0.18801954454113826,0.8239237968225348,0.015687281653642606,0.49730948407037057,0.11677354324704273,0.6250722501677952,1,0,-5.084918286123653
38,A,0.42433668273756525,0.19945317069348203,0.18470917924346913,0.5248450098126384,0.2466956206907144,0.2284593694966471,0.18607480457905576,0.8296224814347014,0.06275168099149606,0.559201411442395,0.07178779126824894,0.46695574021197744,1,0,-2.1310156021993656
39,A,0.6333180362010603,0.07328159869452243,0.21879027083742889,0.684379667724387,0.07918996980680837,0.23643036246880464,0.3324711153536187,0.8903779524194408,0.013004829337172402,0.3500442346869772,0.06931634897030485,0.5253253078737566,1,0,-2.051311000440265
40,A,0.6654511837814351,0.21433212093110468,0.2396095902449448,0.5944750826801607,0.1914717539271546,0.2140531633926847,0.2385767239575965,0.8569244943993969,0.04240199409668068,0.49935597494355666,0.06914084921827496,0.43750935305477345,1,0,-7.708212931186598
41,A,0.3573988662480692,0.32591876277474796,0.23060605997957825,0.39105985603479904,0.3566148538402682,0.25232529012493277,0.11052851380360953,0.7515031492982648,0.1017663770397943,0.6679216504917527,0.08716530451318744,0.4744628262793864,1,0,-7.626553434219806
42,A,0.5106274415130864,0.27981101016371285,0.35943233705243205,0.44407375725876247,0.2433412631283062,0.31258497961293136,0.14442054959262762,0.773198056255665,0.06089697525337879,0.5604779089783472,0.09930447152934253,0.6026446545119238,1,0,-14.891421887865947
43,A,0.3249207044491567,2.061153622438558e-09,0.3326518005698555,0.4941214861489716,3.1344887449609853e-09,0.5058785107165396,9.450776345476914e-15,0.7703612229302695,6.728184643476318e-14,0.999999999999961,2.2132716606971678e-14,0.7848898626194974,1,0,-4.864601946166822
44,A,0.6743995358512928,0.14456666963398765,0.23625777338716297,0.639105582657362,0.13700093300425562,0.2238934843383824,0.27192309285589594,0.8682998951826894,0.02251891094848038,0.523195219037639,0.062401451140794505,0.5089285998464671,1,0,-5.87103162688345
45,A,0.9724514972192795,0.36388147779057084,0.21851455967454125,0.6254320603959868,0.23403032752303446,0.1405376120809788,0.24646250899447042,0.8740907908267543,0.04230706596223925,0.6346722524212778,0.043385409635575835,0.34105645677776864,1,0,-9.680523811416904
46,A,2.061153622438558e-09,2.061153622438558e-09,0.37850330806662624,5.445536554273834e-09,5.445536554273834e-09,0.999999989108927,8.75651076269611e-27,0.9999999999999728,8.756510762696121e-27,0.9999999999999726,1.3333926272484229e-14,0.9999999999996225,1,0,-2.5798730689121285
47,A,0.5656856726478603,0.29215347073256714,0.18856369272729692,0.5406002861689725,0.27919789649967147,0.18020181733135593,0.20194416552305552,0.838236720918317,0.07924351562583365,0.5688839342121522,0.0583853441835327,0.37071779246211467,1,0,-4.982826431588521
48,A,0.46627333811194693,0.01553923684000407,0.20642993660238276,0.6774840703444932,0.022578141540414442,0.29993778811509236,0.19008477759918196,0.8825486101602369,0.0001751877750662984,0.6772132599787417,0.06732640531041549,0.6191726324641745,1,0,2.8864363599977843
49,A,0.8079300716524043,0.3522126633015814,0.12715216884430652,0.6276184806360422,0.27360681865697034,0.09877470070698746,0.27600935024093304,0.8768180721270551,0.07744342806682943,0.5828459518051314,0.030755348483468704,0.22919953427801376,1,0,-0.8104452060855323
50,A,0.9075997648335122,0.06035970767793839,0.3948456853869685,0.6659791090262097,0.04429078311606852,0.2897301078577218,0.2795343980054227,0.8771889223133781,0.002138087274689773,0.43019822605422453,0.086763563813374,0.6004917989656948,1,0,-13.152828296696462
51,A,0.792950829302305,0.06409966117976512,0.2482565970374324,0.7174031889018478,0.05799262657730322,0.22460418452084888,0.3737827871514986,0.9035177777222025,0.008274895116305317,0.31252804781919336,0.0680714430332899,0.501274957314173,1,0,-4.454391067460904
52,A,0.29645105014104906,0.2600200712272344,0.3227732306285665,0.3371657144771868,0.29573129544330123,0.3671029900795119,0.08734324918085412,0.7051840920295865,0.08296913254396081,0.600802164214827,0.11257911571721138,0.6735558260471027,1,0,-11.612149571867041
53,A,0.1542056417487489,0.1384533535802895,0.37344999393648676,0.23150211787230401,0.20785390350752206,0.5606439786201739,0.03939028017256512,0.6668464931959136,0.03478596786569695,0.580156992881617,0.20447198723791907,0.8057543420714031,1,0,-10.472069196667182
54,A,0.8172428803522219,0.1750981700002427,0.3008880798762139,0.6319397400271295,0.13539609177321926,0.23266416819965122,0.27472457645896736,0.8775199200848336,0.03118387081182858,0.377905753867343,0.07364833463519277,0.4853782318627844,1,0,-11.121616780660375
55,A,0.3279284446180968,0.1472548962382821,0.20802020912406513,0.4799864471247015,0.21553590616222223,0.30447764671307614,0.16061516380492855,0.8005284789089208,0.05473892012477817,0.5064395523069367,0.10051477773526139,0.5752851150996382,1,0,-2.1506430957148126
56,A,0.6780550813672586,0.25349667790220426,0.46595182164372856,0.48519022822409297,0.1813925068703997,0.33341726490550727,0.15577326083325607,0.7880923988651313,0.030989549099451487,0.5978406202601187,0.10673038468348696,0.6143338178823836,1,0,-19.485991829990102
57,A,0.040378308697277106,0.13052819902607599,0.28118674555231465,0.08931411474228766,0.2887196348990532,0.6219662503586592,0.005476976726510765,0.6339878665440393,0.05541333675096567,0.654938559397634,0.2138929752709492,0.8471134779400674,1,0,-3.105165001666869
58,A,0.44155280180714185,0.14237428248136172,0.280088961026579,0.5110469929364794,0.16478198900744,0.3241710180560806,0.17486176685366459,0.8217845626480682,0.03399241879321514,0.45451961215616915,0.10754019380206183,0.5921301813736793,1,0,-7.70980117213246
59,A,0.16126998173882925,0.19811006217610785,0.36553746910621376,0.22246666529923367,0.2732863513677143,0.504246983333052,0.0354438954693929,0.6497448847270151,0.06072889330128696,0.6325919295780877,0.14567226276991171,0.8080340969162718,1,0,-11.423221614571077
60,A,0.15153345008824584,0.4743134199909427,0.19768635079616687,0.18400405259568872,0.5759493460224742,0.24004660138183712,0.036480875052001906,0.5610405269909431,0.24509217802415467,0.8056820054278958,0.08826101967749557,0.4572238647458159,1,0,-5.335019561174565
61,A,0.2828394110184164,0.20152687501027955,0.29271062215786475,0.3639786590473646,0.25933967781976214,0.37668166313287327,0.10192399635537358,0.7160079660690921,0.05702593206347642,0.6197780588073283,0.1364626136197374,0.6400339852004124,1,0,-8.814612713365479
62,A,0.957017374869724,0.11992445987745537,0.2370632217353165,0.7283209224716347,0.09126636102792873,0.18041271650043642,0.38876002658594483,0.9112565574493336,0.01838648583092302,0.3107684553009554,0.05269964288102596,0.4368895262248544,1,0,-6.0603788837787
63,A,1.0682205456830007e-08,0.2549062636125109,0.3207759155353609,1.855573378079153e-08,0.4427899075490784,0.5572100738951878,9.935657330310854e-14,0.9999999999999624,9.815566599231474e-15,0.6794119095875752,1.9819045636989435e-14,0.7798271399122377,1,0,-6.638209387754376
64,A,0.2974721990557636,0.053160100019260526,0.3875304314182094,0.4029900003986864,0.07201677600783155,0.5249932235934821,0.10443101537773684,0.7406422112308987,0.0036394319785484006,0.5476768704891032,0.17556252468159286,0.8096301493516332,1,0,-10.066524257095514
65,A,1.798062930315928,0.16271839459358797,0.34732074078320113,0.7790222785387465,0.07049878643245885,0.15047893502879467,0.41771337044758966,0.9262627534200027,0.008801627058511199,0.40743927880967634,0.041951870702210695,0.3832124537603071,1,0,-15.17127141250442
66,A,0.8360605099404814,0.3029496520398352,0.26265492550233605,0.5964766600857702,0.21613554817429567,0.18738779173993425,0.2393018886464989,0.8632542174072285,0.05161441875721162,0.5178595524203107,0.058880499427617625,0.40014382233246326,1,0,-11.303452537523768
67,A,1.1144103124365392,0.07164275613666601,0.21174706360054846,0.7972601281010698,0.05125393429835536,0.1514859376005748,0.4852078408622862,0.9336662387810799,0.008840201014252312,0.2518878610651559,0.046244773351158765,0.3781806959612148,1,0,-2.764705312992305
68,A,0.6776481630729878,0.44270029867899924,0.2883039548325199,0.48106130021488863,0.31427220332492933,0.2046664964601821,0.16612041492701218,0.803717229074728,0.09411180088838537,0.6020136488598549,0.07102759781302019,0.4036684500276097,1,0,-14.130803884223551
69,A,0.5333954177762993,0.22947347383489117,0.25335273237863937,0.5248809956258492,0.22581046143649833,0.24930854293765242,0.18000967441189503,0.8331181776895753,0.053057112155178776,0.545175378693982,0.07796967330933671,0.5000365442092166,1,0,-8.39904978955241
70,A,0.1675619570290169,0.06627154865736856,0.43574579229486704,0.25024960827523746,0.09897490686640688,0.6507754848583558,0.04262040458594036,0.6664471173466111,0.0067018832502911,0.6207270701915109,0.18494957103298343,0.8940195344338242,1,0,-11.605320894526102
71,A,0.5683460608895301,2.061153622438558e-09,0.2689360200399567,0.678798785302424,2.461719490134603e-09,0.32120121223585646,1.786116896116166e-14,0.8644884100164875,4.846470037001625e-14,0.9999999999999578,1.7210289549992872e-14,0.6087994375199194,1,0,-1.7284858741313123
72,A,0.13233042825580066,0.13313312696631138,0.28861940621630927,0.2388278244692196,0.24027652216681147,0.5208956533639689,0.04966303217560588,0.6216342025113737,0.05462231017583292,0.579361743118796,0.20492090938591617,0.7687171120179588,1,0,-5.473032236847189
73,A,0.15993010046075226,0.6030403690730813,0.18022454579685143,0.16956207132273765,0.6393591561355473,0.19107877254171507,0.03312990945265706,0.529997935103636,0.29319123624783616,0.8482042679381423,0.07740590575104196,0.35809218434369183,1,0,-5.368990649699498
74,A,1.4020214792470616,0.14224087372665062,0.25069727388698215,0.7810880302077521,0.07924460895837733,0.1396673608338705,0.462408009521148,0.9294274952288976,0.016111475681065673,0.3031972640861195,0.04106695555048867,0.3506801456967108,1,0,-8.559038533980925
75,A,0.40187591804718287,0.21179039935987837,0.22217952012473408,0.4808014827637347,0.2533845236165598,0.26581399361970554,0.15931692752114363,0.8030153265816222,0.06493259655148303,0.5678372592310187,0.08822577780246402,0.5140769019845375,1,0,-5.257914217162117
76,A,0.8211401560734704,0.07110508958095547,0.4548318890007307,0.6095717423662433,0.05278472015573031,0.3376435374780264,0.2174542714863132,0.8499821418401202,0.0020363198138901124,0.5256507285150464,0.09904160265226027,0.6517426625964436,1,0,-15.887431745801706
77,A,0.7550618043909506,2.061153622438558e-09,0.2696344542323924,0.7368640185010236,2.011477646128725e-09,0.2631359794874988,2.4931668152702365e-14,0.8965197487086005,3.828562404241604e-14,0.999999999999949,1.8065855522881965e-14,0.5400880980926529,1,0,-2.453173933210369
78,A,2.091733629203432,0.203428142764001,0.279263897847815,0.8125049612924128,0.0790188449210887,0.10847619378649848,0.49689409224286846,0.9451161794687981,0.015454583619598464,0.2833934280648874,0.030594006229024705,0.2880271054215763,1,0,-12.742390832077998
79,A,0.3753951272264394,0.25307708947584406,0.21640888026760796,0.4443171099137719,0.29954166377196484,0.2561412263142632,0.13658776238889578,0.778936938496542,0.07565147815391572,0.6280503759759439,0.0900489459769481,0.4797725647325519,1,0,-5.501361086185664
80,A,0.7123618499969523,0.06513122563061269,0.3199181253852711,0.6491293777022602,0.059349882314396814,0.29152073998334294,0.27319443822627165,0.8728670866657366,0.0047844768903961025,0.4589344157461413,0.08410339733297384,0.5998304540784377,1,0,-8.846295578515607
81,A,2.061153622438558e-09,0.0573182709519958,0.34863564599017133,5.0773093347614595e-09,0.1411940327924927,0.858805962130198,1.2682269376389766e-13,0.9999999999999717,7.667708379116897e-16,0.5606863788451043,2.1211272056702905e-14,0.9794605250318117,1,0,-3.394909925246452
82,A,1.0100868374595664,0.27651042805077575,0.23513157889680555,0.6637758370500544,0.1817080809547918,0.15451608199515385,0.29898450438320545,0.890573452014335,0.04163611765546911,0.47656554454441685,0.04788789799586445,0.3384011977050492,1,0,-9.565144776763278
83,A,0.25745572061985655,0.14554653259963454,0.39890622732149805,0.3210537447442506,0.18150017880026023,0.49744607645548916,0.07433732881965323,0.696530246473955,0.026302011256453713,0.6311042178340429,0.15044525765815026,0.7940542218914698,1,0,-12.792975377556928
84,A,0.7004062546071775,0.08100768589211453,0.40633044856149,0.5896944334639452,0.06820296238668994,0.34210260414936494,0.1948955237867869,0.8474934868117451,0.0036046687780490285,0.6062184607852092,0.08215504368168337,0.670061079429039,1,0,-13.703932237234241
85,A,0.2100082951502261,0.025016805188471828,0.26988631714224115,0.4159309690360768,0.04954691916709576,0.5345221117968275,0.06611671397294286,0.7268239272078244,0.00046850859836114033,0.8554291065883975,0.054272126316299324,0.8429009001082475,1,0,-1.1522701150923211
86,A,0.20866728359057635,0.09991971951536889,0.374928393966082,0.3052854178332247,0.14618503100792563,0.5485295511588497,0.0752886699153008,0.6728186802643703,0.0237796287001031,0.5259831782188837,0.19754358945784223,0.8176168785846116,1,0,-10.149166887451992
87,A,0.2110859632048543,0.2801085373785151,0.38648114568159286,0.24050566300107795,0.31914812558665084,0.44034621141227126,0.04568375169851189,0.6433647355861498,0.0846777916665812,0.6465649918895829,0.16078870374929113,0.7001975134833152,1,0,-14.256727235759682
88,A,2.061153622438558e-09,0.21798000454096972,0.229080331580142,4.610459587668077e-09,0.48758520030488556,0.5124147950846548,1.1701870050731836e-13,0.9999999999999718,7.831351250412515e-15,0.7444969383650271,1.393873265496769e-14,0.7581508189303829,1,0,0.2924399944278271
89,A,0.31578413827501545,0.17945188186565394,0.3377427945070234,0.37910224452536156,0.2154339086541509,0.40546384682048753,0.08123787037308863,0.7145307856986849,0.016767336492564528,0.7697198191919284,0.09816263930440416,0.7018875797727111,1,0,-11.026646574854563
90,A,0.9139338392066805,0.13134614628016553,0.47297841224265486,0.6019619852414021,0.08651106193556303,0.311526952823035,0.2503272202339524,0.851698237920834,0.011795931736855664,0.4156778035243584,0.09984212990213073,0.6091714119950187,1,0,-18.294793613315857
91,A,0.2966120371867145,0.0899828049940856,0.21877271750659033,0.48997015522252935,0.14864160385560204,0.3613882409218686,0.16756243650707914,0.7870059372800648,0.02431281013597108,0.5390638817643448,0.12050349917966943,0.6487270376840946,1,0,-0.9494365733038777
92,A,1.5667889352803839,0.31178814240914005,0.19060742226623467,0.757201175300648,0.15068165377026865,0.09211717092908345,0.41488979149298816,0.9279889858767068,0.03487753875586317,0.41851825548594085,0.02692731442477432,0.2328380579663764,1,0,-7.936563304277508
93,A,0.005129847733355276,0.21547281050733177,0.3913290436797316,0.008383039671349481,0.352119051572448,0.6394979087562025,8.867141489101143e-11,0.999999416526522,1.5707858285729723e-07,0.6422682004229087,3.37682623157806e-07,0.8589182923087336,1,0,-9.897521369258111
94,A,0.5140933797613021,0.34108599004806206,0.25376164252534256,0.4635894732389387,0.30757811845190697,0.22883240830915433,0.15295552655590325,0.7922607594757275,0.08803671903788432,0.6183906643849195,0.07308053649879623,0.46545134220076134,1,0,-10.189961135817569
95,A,0.1230406579051221,0.23114824576879373,0.2042711598635953,0.22032131917497016,0.4139029106300056,0.3657757701950242,0.04842342055492745,0.5958130317597934,0.15404104128944934,0.6830351945823223,0.14203419863083908,0.6090401558146789,1,0,-1.7620329623273214
96,A,0.2215995858469325,0.24856905103410176,0.35358000511491566,0.2690135977766165,0.3017535184420054,0.4292328837813782,0.06318478489466477,0.6472286959479958,0.08880542784615816,0.6033125189030967,0.1654628079135825,0.6838030833714792,1,0,-12.352740560137029
97,A,0.7827060281529065,0.3087272999395029,0.2260357087467855,0.594098234012949,0.23433362857633894,0.1715681374107121,0.2376977101505656,0.8628275973071312,0.05728115073472128,0.5448447073683211,0.05408352469196359,0.3712985751285659,1,0,-8.864337083913325
98,A,0.6783699929681012,0.20690708760531581,0.3897415362179824,0.5320471278099671,0.1622776992276396,0.3056751729623932,0.19430027235313777,0.8280056192761868,0.03476787228341751,0.4434632642780139,0.10345118746486041,0.5676849821896681,1,0,-15.693265596301258
99,A,0.19919734800318725,0.15725352197889236,0.3243280052511216,0.29260212860593254,0.23099060164730445,0.47640726974676295,0.055202651495324155,0.6939476881524046,0.027288780627092682,0.6954015571678118,0.1593286448168524,0.7539072571532965,1,0,-8.894825682019945
0,B,0.022583943798638918,0.47484579177536757,0.3865580862282734,0.025547799688681948,0.5371632731401763,0.43728892717114176,0.00030178127553402977,0.7172554181410804,0.1381435006487521,0.7671338853417,0.11043893434135109,0.68990767741115,1,0,-13.74358013752228
1,B,0.34332315060570473,0.19540382618163515,0.22202037117423,0.4512972033693479,0.25685771590952194,0.2918450807211301,0.14563885366560653,0.7752037621773479,0.06160343097733303,0.5972556418465614,0.08724978629934715,0.5929895988213232,1,0,-4.530901164309295
2,B,0.05497158714828836,0.578763520720404,0.2470945825039079,0.06240887171393462,0.657066317185086,0.28052481110097943,0.005477667237533471,0.4294808654899351,0.31607559591227097,0.8469251051766815,0.10488284062625969,0.5165694078337479,1,0,-8.175293824634178
3,B,0.13129700856486143,0.30732080458828753,0.313860848276819,0.1744860223881326,0.4084113215971765,0.41710265601469093,0.029965699530330438,0.5677660083333288,0.14391864885729858,0.6869913262402658,0.15286874253300997,0.6794389380046708,1,0,-10.286631731460655
4,B,0.12785734238486499,0.8910393867212956,0.24490896168824322,0.10116851294165034,0.7050446071034904,0.19378687995485935,0.01594837561242682,0.43051523189058527,0.3911753684262634,0.8653550773126748,0.07802876203537411,0.37140464216940045,1,0,-11.854510899449103
5,B,0.16727113065868274,0.42207196539913844,0.2991705226747135,0.18825950118501855,0.475031509366423,0.3367089894485585,0.035970460170791876,0.5597082600299567,0.16954642168300815,0.7591030559396124,0.12715731898606075,0.5827187718772272,1,0,-11.463668714100368
6,B,0.16745802392075668,0.9852794690842441,0.23461729390048514,0.12070310024609791,0.7101856557412568,0.1691112440126453,0.019763279836570065,0.4723466136224926,0.36439416650813383,0.8802406135405353,0.06936483262612243,0.32366518853554066,1,0,-12.304866824411361
7,B,0.5010895324410036,0.2535511760753147,0.22740151797331856,0.5102525318408917,0.2581876514431025,0.2315598167160058,0.16642598715173165,0.8255803593921848,0.05510063329134128,0.6260010142119208,0.07771443581199158,0.45121344706364835,1,0,-6.966097703783095
8,B,0.07952466260089149,0.38112678239487746,0.3636306143366597,0.09647748813712759,0.4623742298886685,0.4411482819742039,0.010697194929729481,0.4948532616637659,0.15355051827892524,0.748036927757488,0.18266286178647523,0.6779023617984029,1,0,-12.940049711012689
9,B,0.11825244248473608,0.3315871592518875,0.26533140156867074,0.1653484858001942,0.463647376249032,0.37100413795077386,0.025728726769682273,0.5740282715884119,0.17147106286587274,0.7279751194670475,0.13437352767583607,0.6284624986006131,1,0,-7.684827841461219
10,B,0.4583499681544647,0.17444925379241313,0.291610962186497,0.4958296392895791,0.18871411932350954,0.31545624138691125,0.17116516120884714,0.8098466832650486,0.03531188709203249,0.5417846970492741,0.10807316404487664,0.5831494586746103,1,0,-9.2417903656199
11,B,0.07497297949020823,1.002051330034606,0.23387119323038272,0.057192186053451624,0.7644021418400837,0.1784056721064646,0.004394676171520639,0.43994074141245243,0.37515608923129923,0.9104071205023686,0.06618446198139345,0.36438909131190356,1,0,-10.897081708998627
12,B,0.25238777553277797,0.6745393653971109,0.2535313544050785,0.21380487033655537,0.5714215011055541,0.2147736285578904,0.04948552998379006,0.5793435834072659,0.2611483875709975,0.7910264887969672,0.08627987216119774,0.3957105652297866,1,0,-12.169595774768608
13,B,0.1499531821771452,0.4040192139404905,0.44341441712016727,0.15034606452270435,0.40507775777476795,0.44457617770252766,0.025302150595812173,0.5203806210671551,0.13357950323486284,0.7072085567418004,0.16170239290590968,0.7208281219020695,1,0,-17.540287363888318
14,B,0.20389570426870265,0.8823509060948179,0.22503146032988636,0.15549387183824565,0.6728938169676159,0.1716123111941384,0.030335186129181384,0.5137360192688788,0.34580920060444104,0.8511904323839522,0.06663017783318442,0.3362457837258442,1,0,-11.432518258888091
15,B,0.20866763776902275,0.17591140121740656,0.3411750181849357,0.2875183896075033,0.2423843166692355,0.4700972937232612,0.06821292148214304,0.6704608797671472,0.06561735669891,0.5323997563479633,0.17697321642200425,0.7343083597318963,1,0,-10.274595631380365
16,B,0.12200046026000189,0.5273426077360766,0.24512427953620775,0.1363945375944517,0.5895604900401822,0.2740449723653662,0.01952083903114723,0.5317970410882017,0.2386369669520271,0.8238065886691683,0.10320102921329492,0.49914171257529627,1,0,-8.849977784509035
17,B,0.0979058080123899,0.5122684763979792,0.21245713929562746,0.11901540008199447,0.6227193146721572,0.25826528524584824,0.014971178358009872,0.531225894409395,0.26727161960777673,0.832341758167868,0.09753988297912697,0.4751137347246692,1,0,-6.038850075822879
18,B,0.13769947543621042,0.1507914472257713,0.319590747096146,0.22644898257002574,0.247978938891137,0.5255720785388373,0.034772260380633836,0.6840989211277337,0.06382547352488117,0.5378413843160396,0.17216421362751927,0.7938195416017231,1,0,-7.783144757880352
19,B,0.19670431896305304,0.3066638047805978,0.42503628797991366,0.21187352890522715,0.33031273969420555,0.4578137314005673,0.03792848653519043,0.6191897032806796,0.09399346788737097,0.6448879104102591,0.15093768098532942,0.7458630026605741,1,0,-16.112750795418727
20,B,0.19705378681123253,0.2887923557452091,0.2797896106975591,0.2573727597930757,0.37719288123343664,0.3654343589734876,0.05945016542285775,0.6108118112469016,0.09936802699764759,0.7305572332036049,0.11067782996448729,0.6725091410054781,1,0,-8.878983295716719
21,B,0.19415159047534444,0.4953580560553279,0.25299529358698797,0.20599530274197497,0.5255760845067702,0.2684286127512547,0.04225521099068365,0.5903881348216546,0.2143908010076176,0.7638861420084695,0.10164507405466719,0.4888216174799769,1,0,-9.91733455162888
22,B,2.061153622438558e-09,0.33042669652856166,0.3293171856237286,3.124172382281186e-09,0.5008408633033425,0.4991591335724851,7.499793527343914e-14,0.9999999999999589,1.0676841657937604e-14,0.7736589944850681,1.9312216753546134e-14,0.7707556917145943,1,0,-8.30231153722641
23,B,0.20188148436270817,0.5767002483935021,0.31666452015575314,0.1843251997675956,0.5265484788103244,0.2891263214220801,0.03263048384957987,0.5861710270024012,0.2170056727890965,0.7641392688910987,0.1124800438897191,0.5080178384465192,1,0,-14.328217484319469
24,B,0.10571297852898633,0.5051545988786467,0.2233332869987791,0.12672365018970336,0.6055551132017789,0.26772123660851777,0.022978783482337967,0.46045823655553175,0.3089163520493021,0.7999696617448848,0.10849974673066753,0.4793940975711657,1,0,-6.887235361442919
25,B,0.230175434436408,0.8396036625995977,0.33037638853628676,0.16439276695211266,0.5996503040206441,0.23595692902724327,0.031828271803481314,0.5330762164725501,0.27937980735453777,0.8094025510553975,0.08707945978550453,0.45371622359919345,1,0,-17.27019393903074
26,B,0.05947655239274549,0.2893899311781873,0.3104916878233193,0.09020370865652395,0.43889640522123974,0.47089988612223643,0.006028877599633298,0.6202318747940218,0.13974303914969607,0.6965169492465516,0.1632911989988174,0.708416306142765,1,0,-8.58349803966023
27,B,0.10928397063790174,0.5617812273983488,0.2142507595911376,0.1234406425145419,0.6345545028962319,0.2420048545892262,0.020490088136561044,0.4752992256111722,0.31781534768658376,0.8265203494758698,0.10129548671391647,0.42942041196626657,1,0,-6.8808917805317265
28,B,0.36997139198270307,0.3623788083620693,0.29803180126098644,0.35906235882045257,0.35169365128402297,0.2892439898955245,0.09684118891188948,0.7290363409503251,0.10752616440652277,0.6575201133133514,0.09835421381242872,0.5364103043841013,1,0,-12.299170808279563
29,B,0.11872931705268464,0.2309370921707066,0.1989668988070832,0.21640923967760575,0.4209315927240039,0.3626591675983905,0.044654134392463865,0.6039362722795241,0.1586280477064398,0.6849755230951965,0.12939150974197067,0.6258884845558814,1,0,-1.2589452426094958
30,B,0.270266108331181,0.6108268068623929,0.32197495339844223,0.22464743293949074,0.5077243128247292,0.2676282542357802,0.04850166271103379,0.5994235638850895,0.18763332628455542,0.7754203339011148,0.10228518547730339,0.4858958104484003,1,0,-15.480206940461047
31,B,0.08411558770924736,0.5949922281570846,0.22256919160410005,0.09328793682476783,0.6598729070693263,0.2468391561059059,0.01532842095876068,0.3957189541334723,0.36237456714663707,0.8364675624544815,0.10133265396140068,0.45263048558206054,1,0,-7.329084107165302
32,B,0.18673774428033516,0.4480012278853307,0.17200554448357813,0.23147073258822645,0.5553198300573172,0.21320943735445633,0.0548237962555187,0.5975911502639184,0.24336485403679375,0.7833580188141285,0.07731741775677488,0.41579805438904016,1,0,-3.313709916249742
33,B,0.41938726592289516,0.5720779137021724,0.2915629454210375,0.3268730106035865,0.44588103918736394,0.22724595020904964,0.08707287646186752,0.6975044526072465,0.1548517886972116,0.7247027774539417,0.0833812040589932,0.42727292633306424,1,0,-14.535334759200332
34,B,0.20411145267371703,0.30076809891096523,0.18392116985639073,0.2963287440330865,0.43665473851669884,0.2670165174502147,0.07552755074027433,0.6636514337965873,0.1579390825064961,0.7071332367647942,0.11177670232023046,0.45559694575559295,1,0,-2.4214739963267924
35,B,0.6810243504786611,0.5652931823025747,0.28644542255556316,0.4443115930662725,0.36880665750325436,0.18688174943047314,0.1415064330885822,0.7814556515212114,0.11081915801839433,0.674823212298719,0.06412248052539422,0.37625881973175274,1,0,-15.304415869202007
36,B,0.082025254185797,0.6501747398146845,0.330276893609933,0.0772019185944624,0.6119424783695516,0.3108556030359861,0.005997400551801167,0.5329079548454992,0.26196134021120765,0.8039084378337009,0.12081856526839098,0.5248115987934036,1,0,-14.069403996523631
37,B,0.3450136050312871,0.49947082341950494,0.195642202806274,0.33170346250467014,0.4802019373505122,0.18809460014481763,0.07792699498025812,0.7174911655783223,0.14552249491219624,0.7894634882315839,0.06625281561447899,0.3713033445021705,1,0,-7.2381633554361215
38,B,0.0666548521179533,0.30718596779061363,0.3333068604193234,0.09425874392608737,0.4344014359888413,0.47133982008507136,0.008851935392173675,0.5332480052770394,0.15855561571984353,0.6977554619253119,0.16466858220145406,0.7404084560628725,1,0,-10.222290760705514
39,B,0.009223155021031992,0.543343473445557,0.20674898888213875,0.012146668408106917,0.7155699962325651,0.2722833353593279,1.5548054262749138e-05,0.9326753479856135,0.050903571887311434,0.8635620857645903,0.019492766870124613,0.4860465783618046,1,0,-3.196887457346328
40,B,0.4869971307056479,0.8819633041362924,0.2727761872859044,0.2966353580359643,0.537213638441704,0.16615100352233167,0.07961090611126999,0.6668293818972091,0.22082927343521347,0.781252431683966,0.06436190095674,0.319927097804023,1,0,-16.23218387553728
41,B,0.5168621702905416,0.3115757904781752,0.360842733616543,0.4346006562880499,0.26198675548099176,0.3034125882309583,0.1376205982812009,0.7727706208582164,0.07254294863531732,0.5601501978340471,0.10563098138651202,0.5544393883906695,1,0,-15.44567064581659
42,B,0.18305638762740592,0.10148652949240773,0.23245096867529674,0.35407843817316037,0.19630121802374237,0.44962034380309723,0.09787692085676003,0.6906680444308189,0.030497064988387824,0.5973166127723207,0.16811312256881855,0.719502931590617,1,0,-1.3711678455107261
43,B,0.12682760847472802,0.9839593059237572,0.26828059963864304,0.09196620700856671,0.7134961094423014,0.19453768354913203,0.016222356027969512,0.37417798510218614,0.4260132107416008,0.8664479766362904,0.08427431620026977,0.35976626160700326,1,0,-13.814772374623487
44,B,0.08513293542444127,0.6565186221195484,0.2347886364673869,0.08718704529634447,0.6723592762219898,0.2404536784816658,0.012124855799748036,0.41723397885480423,0.35947304526285756,0.8462150254249879,0.09216373298701919,0.45709861819218317,1,0,-8.73903438337028
45,B,0.24767568567606127,0.3552366573580986,0.25294862401345236,0.2893877571382255,0.4150635103544061,0.29554873250736835,0.06177947508947628,0.685957617771923,0.11746579880265132,0.7365147975114308,0.10909203461357633,0.5233047506679193,1,0,-8.71621842019816
46,B,0.03374059010123294,0.3538734211282752,0.26518222691082854,0.05168625082361376,0.5420886341753095,0.4062251150010767,0.002911737751668803,0.490871801730719,0.22077123530857432,0.772983107454581,0.13190067970363992,0.6925375235386075,1,0,-6.159910307230852
47,B,0.32188084530665295,0.4963357730346232,0.24290323856008716,0.3033407048347918,0.46774713507294224,0.2289121600922659,0.07690737538569395,0.6765377073178671,0.1675893346413188,0.7389243854843183,0.09107498389858983,0.41069308466957344,1,0,-10.369043326918288
48,B,0.033588733572204564,1.0252679343291875,0.27323687788890194,0.025214996107707516,0.7696666180609146,0.20511838583137804,0.0016775961730649816,0.2763744831226901,0.4870138039726671,0.8949075584862367,0.08071359233760513,0.4043211311482019,1,0,-12.425741170654849
49,B,0.05134526038277587,0.6146783686402131,0.2919080821695769,0.053600125961854,0.6416724297340324,0.3047274443041137,0.003444596212474872,0.46968507300383194,0.3121268503243143,0.8218264402819413,0.10210104061079453,0.5613634134422617,1,0,-11.114942063920044
50,B,0.0333562385042297,0.24228232098048924,0.2758407987110778,0.06048501726947128,0.43933162208125576,0.500183360649273,0.0012948366469105203,0.7702253211111889,0.10478515261301377,0.7017447912358837,0.08939096001948235,0.7832410509747368,1,0,-5.038184479836438
51,B,2.061153622438558e-09,2.061153622438558e-09,0.48418649509589795,4.256941541671676e-09,4.256941541671676e-09,0.999999991486117,8.756510762696003e-27,0.9999999999999647,8.756510762696005e-27,0.9999999999999653,1.6941255748157216e-14,0.999999999999707,1,0,-8.243516427008625
52,B,0.330364187703834,0.6165934435728919,0.2462741385911394,0.2768650617980256,0.516742395855896,0.20639254234607832,0.06361181555359104,0.6652981105957428,0.18703739646941647,0.7812963866860714,0.07916065558256138,0.38201507880930546,1,0,-11.812009425948563
53,B,0.2569850213353153,0.3687073076979012,0.43598629622969476,0.24205537836054314,0.347287115822451,0.41065750581700583,0.04958512014784259,0.6325315457129638,0.10594496325699403,0.6492901039324926,0.15710825742173598,0.6575227912157153,1,0,-17.833876877674815
54,B,2.061153622438558e-09,0.6093714968719406,0.34538601902578087,2.158824186946428e-09,0.6382473930916861,0.36175260474948984,5.646833258937833e-14,0.9999999999999423,2.6571274963172283e-14,0.808480028561709,2.1329060780354253e-14,0.5739887926958537,1,0,-12.22137301829632
55,B,0.15137743396327047,0.44458784980123583,0.1770373725689563,0.19583041885171523,0.5751440129714727,0.22902556817681208,0.035970989062710956,0.587756441170798,0.22314125000962906,0.8199040251205066,0.08955210372416157,0.4187875051954943,1,0,-3.271936592185881
56,B,0.06890903324548131,0.3000833181270274,0.4247263818675892,0.08681794993571923,0.37807261635621864,0.5351094337080621,0.006061284109880287,0.56544687878355,0.10353397576453759,0.6940579498669806,0.1655978482956193,0.8063351746196525,1,0,-14.368403464223995
57,B,0.3035387974365035,0.4692327834976463,0.3478551883126782,0.27086520308676154,0.41872351827987936,0.31041127863335916,0.05811502734360447,0.6617311861250643,0.1278054241626752,0.7213058364328956,0.11421805319610295,0.5480748941364545,1,0,-15.602372090169634
58,B,0.6795275252234034,0.9575898822647214,0.28583780782266194,0.3533766776329102,0.49797825484456554,0.14864506752252418,0.10137084943525586,0.7192464780655821,0.1862908303491889,0.763861043638783,0.05691099268968477,0.2885942221340546,1,0,-18.16783768712098
59,B,0.0492563178783488,0.5258784528384902,0.3578719729935429,0.05279309952516124,0.5636384263924785,0.38356847408236017,0.0041670813054776315,0.4150968118004818,0.2533964215163553,0.7814417296299028,0.16150239852624254,0.6194700427337115,1,0,-13.624323454271572
60,B,0.24313432959873302,0.42053803172331566,0.2761079447384613,0.25871400797696464,0.4474854697542878,0.29380052226874764,0.05627051324295625,0.6558112450794427,0.16697276584053664,0.7023238092308394,0.11262328527676438,0.5070011011247934,1,0,-10.913206105940361
61,B,2.061153622438558e-09,0.6888650828049037,0.34761350435574967,1.9886118670199272e-09,0.6646206588040635,0.33537933920732466,4.9792782198504944e-14,0.9999999999999392,2.8309382892194144e-14,0.8337048267178193,2.1384724620888422e-14,0.5409659374478379,1,0,-12.989932810849378
62,B,0.21726157939656088,0.3857022454664709,0.27467408428929996,0.24755263774601918,0.4394776495457018,0.312969712708279,0.055098960118305534,0.6303379553958063,0.15887835882546153,0.7093706538504664,0.11888647773127628,0.5421783343517509,1,0,-10.164645468114793
63,B,1.0965574185276483,0.407316440654726,0.29497066942302996,0.6095898789973694,0.22643226481084916,0.1639778561917815,0.25844642306580995,0.866956917211582,0.05860486137010093,0.516371578384033,0.05141576552995911,0.35751623203167776,1,0,-15.209581743843984
64,B,0.03159068767404411,0.7320917846251405,0.417151457709508,0.026752862423094128,0.6199786151298611,0.3532685224470449,0.00013570988511529288,0.8671300865491891,0.08618961069075497,0.8080075685836942,0.04092616646292366,0.6020944098682919,1,0,-17.493868214229565
65,B,0.40620550801839617,0.6560206394699316,0.34134204656249306,0.28940917138201283,0.467394916934245,0.2431959116837423,0.07538157886827378,0.652343972961461,0.16921137067156067,0.742074266210983,0.09269781861874414,0.45068842341743753,1,0,-17.633859782679423
66,B,0.2920715764021751,0.23235802104384976,0.23977248217981204,0.38219154879188116,0.3040531127023564,0.31375533850576237,0.10468206016949275,0.7383177612100312,0.07232098646902467,0.6489807244820902,0.10920536847395794,0.564895214712718,1,0,-6.198118567223563
67,B,0.07009256808540658,0.5306131245942585,0.337686214161674,0.07469434420139097,0.5654493828493485,0.3598562729492606,0.006419615328774281,0.46927252146287723,0.2066340385156156,0.828004860469551,0.1165769581196143,0.6525883803061527,1,0,-13.146305390861377
68,B,0.004246726636771445,1.0719021969017994,0.22379247802631175,0.003266860053583332,0.8245773198787519,0.17215582006766467,3.2722507151895664e-09,0.9998706104520502,0.00010420460937084112,0.912459677614827,2.1349310391851438e-05,0.35222282269964084,1,0,-8.173705770074777
69,B,0.0795280762120851,0.6239978484053008,0.22059108135860497,0.08605844898189363,0.6752368416229673,0.23870470939513916,0.009443500361732067,0.47062726500912266,0.32957158535982944,0.8487990459798456,0.09425024484658275,0.4365705210478406,1,0,-7.359605773850461
70,B,0.019785196886464563,0.28009007580275824,0.31456523943984244,0.03220034567367299,0.4558457169958292,0.5119539373304978,0.0008347755644900137,0.5850117764691358,0.1423832296170234,0.7222804572452762,0.17272904415932716,0.7567690348570612,1,0,-7.541924847021987
71,B,0.4895309281728672,0.45856985511666515,0.34034536863556647,0.3799389888676738,0.3559092123729849,0.26415179875934136,0.10956768251465304,0.7379405191828051,0.11552006088356673,0.6378728972502974,0.09648726423803808,0.4736740511579366,1,0,-16.176550261868336
72,B,0.3711029066670779,0.5535174246648026,0.22842494637532892,0.3218459099932339,0.48004829937420396,0.19810579063256217,0.08373425677424441,0.6931429279656206,0.1683896377409828,0.7594098051220205,0.0757901956985409,0.37233708821076356,1,0,-10.329645801873536
73,B,0.07207265541706605,0.7579428265714151,0.21576533637586146,0.06891755342175003,0.7247626015524729,0.20631984502577702,0.008930863750054748,0.3771008786637956,0.43105356938983436,0.8684699364556869,0.08298442596174964,0.39171695922518335,1,0,-7.955314127827414
74,B,0.17905541082228976,0.7484358826823785,0.24719382450784427,0.15242843216166677,0.6371374517357309,0.21043411610260243,0.02724117959975035,0.5191215231648464,0.2949683659351177,0.8423996582513947,0.0845170925057724,0.39163416402351847,1,0,-11.653917481599425
75,B,0.0437039734262056,0.385206877224399,0.2736100909386129,0.062210207324695614,0.5483208462839526,0.3894689463913517,0.004659206105245017,0.4741325728641834,0.2384593855506522,0.7646110756848221,0.15210809191662833,0.6335106283030836,1,0,-7.409506783035642
76,B,0.18483128175505165,0.6471120955392173,0.2332242370192306,0.17352318946926995,0.6075213767706231,0.21895543376010693,0.03401463593465975,0.5434952632368887,0.27787413648914233,0.8200068544748895,0.08342151348415787,0.4174726106086035,1,0,-10.008096168671187
77,B,0.07635188521529003,0.7340475082028252,0.46131631798178435,0.06003848543417159,0.5772103793502626,0.36275113521556573,0.004265428957366346,0.48369861270079945,0.242516191856103,0.7954168497189037,0.14804847149207043,0.5899162331725064,1,0,-20.088899678542077
78,B,0.11588208696877941,0.6466987474467846,0.27259545289180237,0.1119443020378726,0.6247233011190156,0.26333239684311166,0.01806692887039176,0.45266670838084166,0.3168927430349265,0.8164807555414553,0.11168525203479136,0.4602460288782957,1,0,-11.538132310422316
79,B,0.34107262051208403,0.4476001239911006,0.2850629840263391,0.31765043431979434,0.41686246633898166,0.2654870993412239,0.07645228165373344,0.7086585973032928,0.13614322180947006,0.6971860262859652,0.10062987450099865,0.46805628958805506,1,0,-12.456585497517375
80,B,0.2292434802607821,0.2481883461250296,0.18277210208691563,0.34723131804304613,0.375926793860758,0.2768418880961958,0.09875858641659638,0.7056308881896938,0.12443554580109964,0.668986053100453,0.09470831088413807,0.5245208940909568,1,0,-1.6118403477144163
81,B,0.17946023491122362,0.6064474491203998,0.4202052713612549,0.1487922288777392,0.5028114874388826,0.34839628368337816,0.020408262951687815,0.5721820437782129,0.1854568229379639,0.7567115279135515,0.13407299847613263,0.5814265730088413,1,0,-18.89182509299615
82,B,0.1363945648215788,0.48812759937260436,0.3528836986218132,0.13954752064675927,0.49941136834013233,0.3610411110131085,0.021862297032201317,0.5194702440997931,0.1900771286527187,0.7607162554878992,0.15477440823027766,0.5769703718368429,1,0,-14.488574965705585
83,B,0.04146550421052478,0.24308499533967942,0.2585739144657587,0.07634623511751411,0.4475677930628523,0.4760859718196336,0.0060427757561972205,0.5289544139933227,0.1598379954196388,0.7086327504402828,0.1980768122815053,0.7063748810129025,1,0,-4.183816610884911
84,B,0.03444305332539595,0.5716210049412047,0.2441959561108399,0.0405088475795432,0.6722896470202059,0.2872015054002509,0.0019828289827780424,0.4791662096598852,0.3263477367541362,0.8364005596191113,0.10981058986929518,0.5033077583772992,1,0,-7.320261105664262
85,B,0.08277666424528997,0.523387007308956,0.2689293160290145,0.09459184957463072,0.598093019525149,0.3073151309002202,0.012436596529511791,0.45411172732498056,0.2911198017687388,0.7979067147721282,0.12315337767386811,0.5341015223958678,1,0,-9.613710498029477
86,B,0.1317568958020691,0.5642658364885277,0.2242636671240109,0.1431694479956233,0.6131415577231785,0.2436889942811983,0.02581962078879742,0.502812793706041,0.3036713969663726,0.8098027129357462,0.10184238449881058,0.43338573001623243,1,0,-7.970677482993969
87,B,0.17330346882935002,0.3930015563594745,0.1829317162375461,0.23130668752231898,0.5245358838266418,0.24415742865103907,0.050236619183355584,0.6152985579777928,0.20895607211991138,0.7720450105333744,0.10023699084199987,0.4272573406905614,1,0,-3.390746448238268
88,B,0.0670354266746385,0.36362849346844317,0.2877010893479052,0.0933166646328416,0.5061890385308438,0.40049429683631455,0.009510131066837686,0.5008475139282771,0.19224494733032235,0.7608120697166609,0.15543170082302757,0.6532357888085009,1,0,-8.53773039404691
89,B,0.06786306901380636,0.17065504479956192,0.24156543745806294,0.14135678848833902,0.35546946848648936,0.5031737430251716,0.016755863044202478,0.5965136556377058,0.11413718117222035,0.6304322362027656,0.1823808818825355,0.752648752358178,1,0,-2.170861246840623
90,B,0.31578119272643596,0.3090658632454441,0.21470573541602228,0.3761302397725388,0.3681315414775924,0.25573821874986874,0.10649002915108428,0.7385094377714112,0.11693157852431632,0.6640388682166369,0.08689170067454006,0.4850819373038919,1,0,-5.957086666870936
91,B,0.25256840738748565,0.304430079057993,0.26315095621807966,0.30795412914899006,0.37118854591830325,0.32085732493270674,0.07556812956908454,0.6792156746662718,0.1093203617883539,0.683147581791104,0.11898242003488783,0.5591458523950186,1,0,-8.643154715159842
92,B,0.406807758276922,0.6414816144690119,0.2633484034593186,0.3101525174533113,0.4890691821372406,0.20077830040944808,0.08413236666342165,0.6768999945931006,0.1910837619313264,0.7456210310294746,0.07790417358810049,0.3753978318292566,1,0,-13.51712932585197
93,B,0.6800699688085535,0.766472349272591,0.25197564643362647,0.40039021253615914,0.4512594893228316,0.14835029814100925,0.1230539472795011,0.755562075002207,0.1604798353582186,0.7283064680325447,0.05386808191078876,0.2938713858712229,1,0,-15.016680683861347
94,B,0.2772294410958641,0.3196710345595311,0.2512627951906793,0.3268585785603724,0.37689799304872906,0.29624342839089846,0.08113599692733818,0.699789735812462,0.11422379707541436,0.6804511677514967,0.112354834242112,0.5143072250836919,1,0,-8.334304672426152
95,B,0.0003630136398167525,0.7983816557976329,0.2797883459488475,0.000336580924865552,0.7402477665569444,0.25941565251819015,4.1834058800491894e-14,0.999999999999946,3.045408486448242e-14,0.8810279425484152,1.586916796115492e-14,0.45267215665639715,1,0,-10.037368831889678
96,B,0.4591014823067427,0.47118922320392287,0.17994384356758242,0.4135175604901715,0.42440511655408236,0.16207732295574617,0.13112908221331906,0.759009435697056,0.1467713213339331,0.709157839813646,0.05966033748508652,0.31596583335735823,1,0,-6.305240688342767
97,B,0.2646134516391571,0.6886315086560553,0.4098007427509727,0.19413395387094443,0.5052152742326071,0.3006507718964484,0.03740534416388589,0.5794868844318858,0.20153024183975413,0.7539669949498433,0.11967647682187807,0.5201782834367651,1,0,-19.865931917962424
98,B,0.21655343382416056,0.6048451504749737,0.3702605044397645,0.181724316854188,0.5075655916954113,0.3107100914504008,0.035755318125701804,0.553099436583437,0.21665640078791987,0.7426317129734012,0.12475285721226327,0.5340606623594377,1,0,-17.193937277050953
99,B,0.5066403578744971,0.48053252649785744,0.24411209521886207,0.41147286474874434,0.3902691370907432,0.19825799816051248,0.13188877366918034,0.7545957969454627,0.13271354354706674,0.6720461247492238,0.06758779974896306,0.4018998507687138,1,0,-11.29830332281333
0,C,0.019725762648187817,0.3864912324883533,0.3918534471372986,0.024716818971500475,0.4842821034533912,0.4910010775751083,0.00010310910079211077,0.8830314093023223,0.055691270784624845,0.7259479494753397,0.056874078404377144,0.7267851306048234,1,0,-12.91663537528729
1,C,0.002834206855295296,0.6761530887660325,0.25271136449466497,0.003041978030689073,0.7257207911856974,0.27123723078361345,1.4047610134008358e-10,0.999993933499499,3.994009376067236e-06,0.8622721643043243,1.425764749990687e-06,0.513946369883347,1,0,-7.479374619327867
2,C,0.6319544083810685,0.27264665422558604,0.27877900883734413,0.534024886535344,0.23039652331891458,0.2355785901457416,0.18536676308352645,0.8373504012959745,0.05349514124039159,0.5494147290617116,0.07298996159302822,0.48133325210320976,1,0,-11.113641776197078
3,C,0.1825793319792615,0.4186088591154244,0.2069482502244508,0.22592636916760456,0.517992801354337,0.2560808294780584,0.05023316211954991,0.6026184006109964,0.21941721499039876,0.7529880555869711,0.10290487446771376,0.45276008052982264,1,0,-5.756730020165168
4,C,0.5023486721621937,0.5131939484257031,0.2585021800687912,0.3942943544083107,0.4028068307811348,0.20289881481055455,0.11782837537241184,0.7500724079298494,0.13481783544845816,0.6890655725798369,0.07371886034674367,0.3827413542844079,1,0,-12.509310986732197
5,C,0.591536288362667,0.14179586943166855,0.44052474604287156,0.5039253817300907,0.12079485069104565,0.37527976757886367,0.18664479529484038,0.8021531122593728,0.024644250913507807,0.4066300908195012,0.1364884790994811,0.6538208187462968,1,0,-16.25359157039957
6,C,0.18045257023969782,0.401877429592639,0.31080232971663957,0.20204460668311572,0.4499640381348455,0.34799135518203883,0.03978092078757904,0.5858829579526452,0.1695312558248598,0.7105185256622708,0.13873203071218276,0.5817098624831327,1,0,-11.98419800486639
7,C,0.32565017509359767,0.5080689732928726,0.29296807439458883,0.289033343512833,0.4509405654204369,0.26002609106673,0.06575590112547197,0.6832427957535318,0.15216112601714582,0.7279125245015746,0.10126200735929748,0.45768184017231156,1,0,-13.434714725537523
8,C,0.6789442797979323,0.1348456876183776,0.3011460142338014,0.6089536000022989,0.12094478054139508,0.27010161945630606,0.2545629936090468,0.8672548046905582,0.02599213308483981,0.35904254270660446,0.08741892117483742,0.5377842682302798,1,0,-9.750978599666427
9,C,0.09857091418747324,0.35566160535397684,0.45525192425032035,0.10838108871496145,0.39105848129867166,0.500560429986367,0.011920366872462817,0.5235993510220651,0.11593973324606197,0.7086222378231795,0.18489763781334612,0.7622646596644493,1,0,-16.777801398034498
10,C,0.7423610354373597,0.22274855769548632,0.3266754377316293,0.5746784625152099,0.17243469491701788,0.25288684256777216,0.2285358633476811,0.8465004477289098,0.037376946304307705,0.47915222456823775,0.0744748768447171,0.5464788001439633,1,0,-13.218878334115923
11,C,0.07378060415774261,0.4670016242824863,0.39947155116766336,0.07846881954413504,0.4966761468135091,0.42485503364235594,0.004144511898218031,0.6118189897172172,0.14744950794127143,0.7777530268953025,0.11813997381901631,0.7237574005550576,1,0,-15.386723636962905
12,C,0.3011124567409655,0.10427558797828008,0.3415629549652999,0.40312210154097416,0.1396016445821989,0.45727625387682697,0.11149737658113278,0.7426529514914233,0.01644385158802453,0.6040867364175461,0.13195240336342096,0.7654007536706838,1,0,-9.327333084003444
13,C,0.3862583670410686,0.4463389569045966,0.36565073237250223,0.32235259219023216,0.37249295298341917,0.30515445482634856,0.0801197494636381,0.6939496518600201,0.10771744344946632,0.6916821811272822,0.11636359560410686,0.5320719420838422,1,0,-16.669925662613508
14,C,0.6230193058652657,0.2889841274752652,0.4112932739158637,0.4708084758685589,0.21838195915594705,0.31080956497549406,0.1523330902009244,0.7932027265463965,0.050278343875391644,0.5414885307220816,0.10475357591817348,0.5731841872059811,1,0,-17.708451309566154
15,C,0.22830282642406394,0.21857097899325192,0.32663731703717225,0.2951513168933092,0.28256992388123314,0.4222787592254576,0.07049879414947864,0.6695586404229958,0.07636652833059032,0.5981674927506223,0.14395546573174567,0.7067838138954725,1,0,-10.547044100676365
16,C,0.38323000180392247,0.23761567883705978,0.31334396945504006,0.41022719719120365,0.2543548612561015,0.33541794155269483,0.11683733580382251,0.7645187425794634,0.061852769101322196,0.5787238729379925,0.11117084484429017,0.6059308369966743,1,0,-11.292189532982402
17,C,0.13325609908061442,0.13076697113696722,0.47480052836061293,0.18036253760309615,0.17699349531961017,0.6426439670772937,0.021941643753745323,0.6489772126230793,0.02611479853527596,0.5697794367256834,0.17649346894208567,0.9050679683977022,1,0,-14.441431798984468
18,C,0.036328866160141526,0.1367651809364884,0.5058694745460129,0.05350635932877467,0.20143229581113148,0.7450613448600939,0.0019614711193141525,0.6036951799809263,0.024510350225446922,0.6393630278371191,0.24512513784053147,0.9244181292775183,1,0,-14.192662946699553
19,C,0.06982150043848642,0.23933163411956784,0.38410471960934506,0.10071505143254647,0.3452274398059355,0.554057508761518,0.009142169314599864,0.5654728695432266,0.10542011035391491,0.6338495688861768,0.21399153075669144,0.7893856714117592,1,0,-11.691076544437301
20,C,0.13115671213588154,0.4775767022971604,0.34781284062430096,0.13711486657591793,0.4992719377365925,0.36361319568748957,0.01995332834592332,0.5396067775803226,0.20733929506317772,0.733572024803647,0.14273029483050953,0.6029949008009028,1,0,-14.076315236873624
21,C,0.1482100154932197,0.27771882970872014,0.4053797189225335,0.17828520225737496,0.3340743036867557,0.48764049405586934,0.03222775462080402,0.5528201641257446,0.09541799676287295,0.6570355439709504,0.19222440386935966,0.7396131725915883,1,0,-14.388173613381895
22,C,0.6898284222113796,0.24802785522746798,0.22552124990298528,0.5929531953290762,0.21319636093898042,0.19385044373194327,0.2339943336083856,0.8631953207983667,0.050163549182847426,0.5173552420137774,0.059967218451498924,0.41348087702936637,1,0,-7.479980548513419
23,C,0.6285845659221944,0.32874590771909934,0.2060902707455477,0.5402899758792575,0.28256837374200217,0.17714165037874036,0.19715926530238273,0.8390256006903715,0.07440890622302533,0.5980858367105293,0.05770623397942527,0.3699771618608516,1,0,-7.213610683100869
24,C,0.3607373463805691,0.439536704522758,0.23514117240472202,0.3483987276409255,0.42450284159284596,0.2270984307662285,0.09891912088169211,0.7156866530305442,0.15380629995386771,0.6895330209260011,0.08198370137234104,0.4241507826493901,1,0,-9.477630352982523
25,C,0.5365098151965505,0.09729211549265973,0.33728808132891674,0.5524820650575651,0.10018856572365159,0.3473293692187833,0.2183398308291174,0.8300196592908874,0.016625791585704534,0.41136073713885596,0.11374886966607656,0.6450766772540576,1,0,-10.177353693726085
26,C,0.2153885986083952,0.2727642195008888,0.34750512696851005,0.25774732338402406,0.32640654122602314,0.41584613538995274,0.04965795983602249,0.6645474905659388,0.07849456522642581,0.6810994693507203,0.14688730870175085,0.682885790118875,1,0,-12.393827025419393
27,C,0.37735182567111386,0.21682657825382756,0.25354108113687907,0.4451376101654609,0.25577632940454986,0.29908606042998936,0.140921229605071,0.7786780186162681,0.06789863428600944,0.5475187911034889,0.1054326491626234,0.5362379262428986,1,0,-7.372533340472801
28,C,0.1895336173364377,0.33007597817492135,0.22272813116614307,0.25531993124576546,0.4446439488563378,0.30003611989789664,0.05927200308269425,0.6371013769623249,0.17146690011068705,0.6965414348472533,0.11323473060079585,0.5256899977397737,1,0,-5.762885935800849
29,C,0.2958083890914097,0.22485741395360245,0.35913452079189,0.33622218709963425,0.25557778039109547,0.4082000325092703,0.0834682684555085,0.7182968914366722,0.0702982476773465,0.5423087932275781,0.13996992850690507,0.6855283195361564,1,0,-12.80046937667904
30,C,0.6011490224933659,0.1622674376662329,0.5925085673827085,0.4433497503788859,0.11967286861011191,0.4369773810110023,0.1450975832399421,0.7789638176584285,0.02382463849459665,0.4095416064873241,0.14820413337344973,0.7382577942327196,1,0,-21.991620876763246
31,C,0.28196981848234304,0.25834158087816833,0.46864090572112566,0.27946793625643995,0.2560493489900548,0.46448271475350533,0.06266563521105556,0.6713912725190271,0.06557955197941755,0.5685056453093897,0.1824448214037373,0.7087616126288839,1,0,-17.79252129576158
32,C,0.4212644171437998,0.32788642565374715,0.2860080993503518,0.40695626535351076,0.31674983647767224,0.27629389816881694,0.12281529855257824,0.755626369214038,0.09228526298674404,0.6114546936421998,0.10014121224203662,0.49572291247855876,1,0,-11.451584378793179
33,C,0.9814068897702775,0.8471533899312356,0.25939559953336877,0.47003238886920723,0.4057333770106625,0.12423423412013028,0.1581168719203544,0.7984995361996894,0.13028131674503005,0.7090115297276839,0.04181965640947269,0.26401102039687496,1,0,-16.885148715088636
34,C,0.5624509383175156,0.3582359443261969,0.3464745104469666,0.4438668518346077,0.28270743275443305,0.27342571541095917,0.14487190158003088,0.7729409853789302,0.07628533890597229,0.5990870826645072,0.0929658298200397,0.5216573935190814,1,0,-15.6006614720856
35,C,0.19673805487009732,0.1958957177333276,0.31168374840877294,0.27933147905700056,0.2781355168501266,0.4425330040928727,0.06218192401558061,0.6649602103936362,0.06853002645347674,0.6127976562689349,0.14990463385703448,0.7257403955315683,1,0,-9.013975021721905
36,C,0.9260650094676798,0.12591200240363834,0.46314280612414965,0.6112156929561395,0.08310366012519216,0.30568064691866836,0.24948660078751916,0.8594233783829782,0.01099015188875828,0.41327882354709217,0.09772395367849834,0.600137649599614,1,0,-17.83255691114417
37,C,0.31054392260867403,0.5677169468884905,0.33863390135171667,0.25519373576734566,0.4665292024325675,0.2782770618000869,0.05173638973260771,0.6665518596302794,0.16646862191588,0.7300373786119871,0.10117221733563701,0.4968034666495976,1,0,-16.181838365405387
38,C,0.3794262434785702,0.5265398974391842,0.4120842279235633,0.28786930488257384,0.3994838967361005,0.31264679838132564,0.07296585142103583,0.6602782635425974,0.14527362528230042,0.6637499945921655,0.12194596529457516,0.5343518369271465,1,0,-19.347508703182196
39,C,0.19176603001648407,0.6173842904806156,0.2513348822895843,0.1808285768745966,0.5821715275784023,0.236999895547001,0.03127298736342232,0.5810569376734492,0.23055077801058152,0.8191182396046361,0.09324657304535144,0.42951348040970017,1,0,-10.976817449444175
40,C,0.6538741231318835,0.37978589842562127,0.4918231759800276,0.42863410373013683,0.2489610498750034,0.3224048463948597,0.1334922069464339,0.7691263919445516,0.06680727877444297,0.5391368805695947,0.11473021189205487,0.5696874712791091,1,0,-21.921935401013993
41,C,0.36507369738748824,0.33044814099545117,0.24286164011125222,0.3890453164982358,0.352146162596251,0.25880852090551326,0.11972860346005611,0.7353011046275246,0.11166724432325366,0.6496450052061271,0.0867880461332273,0.5044730518625121,1,0,-8.561554326924815
42,C,0.38970698902138967,0.5109175508176714,0.2993509699730366,0.3247624520957209,0.4257733150718011,0.249464232832478,0.07923434043662701,0.7104648072830291,0.1376284737168358,0.7124951642613999,0.09395851461933558,0.4481745621979866,1,0,-14.192944813414243
43,C,0.31343745655235894,0.2642014722070856,0.3202950253954256,0.3490651568548428,0.2942326336860158,0.35670220945914144,0.0941468315948239,0.7138678873552473,0.08197356916137065,0.5972213025750136,0.13815443979148676,0.589283049667675,1,0,-11.671482782974703
44,C,0.10463111888891707,0.21054008798338075,0.3336963800058028,0.16125188097671703,0.3244731163045964,0.5142750027186866,0.019732469985106013,0.6357964223518449,0.07888482147242995,0.6497936454586655,0.19753448874632265,0.747424971324931,1,0,-9.320131901767054
45,C,0.32039792573265036,0.385346080429839,0.29106702063435297,0.32142293485879536,0.38657887008745484,0.2919981950537498,0.08611899348012464,0.6884694398597232,0.13377971133051025,0.6617737055263714,0.11176326439516789,0.5105328796705688,1,0,-11.905183758509152
46,C,2.061153622438558e-09,0.31222969519494004,0.43703225406689294,2.7509119057749273e-09,0.41671633618073084,0.5832836610683574,7.40996776009338e-14,0.9999999999999516,1.1139933974371455e-14,0.6727454646831325,2.6840759327065718e-14,0.7952370531226411,1,0,-13.29095747762144
47,C,0.4948366928030046,0.553437149399993,0.4024814541279152,0.3410890134638763,0.3814820809544408,0.2774289055816829,0.09118208022936841,0.7111717034759736,0.11985594618568352,0.6882402419218082,0.0974935533322407,0.5169326218666043,1,0,-19.786203638209138
48,C,0.002585798609496532,0.2944748640199923,0.337110042890487,0.004077448843015158,0.4643463683465848,0.5315761828104,1.1632920800908057e-13,0.9999999999998815,8.879683016211065e-14,0.696828409186554,3.8693906336563353e-14,0.813071990774909,1,0,-8.323565295380586
49,C,0.049118110175800915,0.5440285995767656,0.21078705534372902,0.06109721012889355,0.6767082354248446,0.26219455444626194,0.007232162621195267,0.35752001698642377,0.37263384727200805,0.8460841827749955,0.11243553477029923,0.46581438371577644,1,0,-5.120932601675058
50,C,0.25874200649199636,0.5366306256178819,0.4071834836789652,0.21516002712461263,0.44624165024171625,0.3385983226336711,0.04452930411938206,0.6033439775810148,0.1728119896100945,0.7051569798236437,0.12127430332170419,0.5934709960840824,1,0,-18.46591597108668
51,C,0.3895995809289899,0.21827447299202632,0.4150497753514303,0.38086861384986226,0.21338291937853654,0.40574846677160115,0.10770671191153297,0.741017884736892,0.04878418579076364,0.5245975077393426,0.15186487340547036,0.6592368027108356,1,0,-15.737643717857537
52,C,0.0557550379753701,0.33610823683199553,0.3300263865938115,0.07723484759035112,0.4655950276107493,0.45717012479889957,0.007038833720217966,0.4759756566872978,0.1713223570702443,0.7312223881267492,0.17310685854237223,0.7175209391748335,1,0,-10.228299410741622
53,C,0.18762304642541955,0.24153156484115226,0.3966868088444027,0.22719016248931573,0.29246724487214004,0.4803425926385443,0.04167521026046774,0.6247420865998757,0.06099061951772013,0.6732911015468863,0.16387051029505045,0.7556903081252956,1,0,-13.879716392481662
54,C,0.21955256582823193,0.1985494235010684,0.3525616200532756,0.28488767752265926,0.25763435704475274,0.45747796543258806,0.06409530221338046,0.6722011899160342,0.06731592861509998,0.5650861355046668,0.17359360972654622,0.7133524419429579,1,0,-11.395454792965383
55,C,0.24263109008996156,0.5034808079989568,0.4149812241909962,0.20896781268804074,0.433626552718119,0.3574056345938402,0.043316593907786284,0.5867676321042429,0.16372032208321366,0.6998464305214654,0.1360263681524585,0.6028340488195668,1,0,-18.338277963463973
56,C,0.10683380505757213,0.3207415284929573,0.16938131836844372,0.17896409180489883,0.5372945044868896,0.28374140370821166,0.03250974177814403,0.5612001076097201,0.20156711635845845,0.8021639497269311,0.0988287284375631,0.5321904019754118,1,0,-0.12090781421635555
57,C,3.648948994578986e-09,0.13733591046419263,0.28933950735884256,8.552048725915603e-09,0.321874435584779,0.6781255558631721,1.3494195638656146e-13,0.9999999999999718,4.609879556365177e-15,0.596897104906546,1.8093244826915036e-14,0.8649212580663056,1,0,-2.181947920239203
58,C,0.40309691176298784,0.5740331264631101,0.30649031624385886,0.314031255705226,0.4471985228842407,0.23877022141053336,0.08012488462545733,0.690700788701416,0.15751053505509335,0.7232698897279449,0.08951169488431102,0.4362141730310231,1,0,-15.240414556970368
59,C,0.2740577303519275,0.3602386233996837,0.32742354252619216,0.2849662686740994,0.37457748851191996,0.34045624281398074,0.06889513287950237,0.6644254484782679,0.12718492250053212,0.6492731958363519,0.12967712453732522,0.5745469962398204,1,0,-13.145302165422704
60,C,0.26609533809138647,0.3671814626513766,0.23536571463448272,0.30633469278880854,0.4227072197725805,0.27095808743861094,0.07723837623640828,0.6826405838364243,0.15143960440298357,0.6932211078859871,0.10687793155395471,0.47371014520536414,1,0,-7.894471211060699
61,C,0.46569034652989755,0.23507675959248717,0.24898499424989293,0.4903283144594882,0.24751380860368016,0.2621578769368316,0.16727022954565463,0.8065095157400844,0.06657343414649973,0.5356727441230441,0.09260083785845706,0.4857342211101792,1,0,-7.911409765434659
62,C,0.11294826137418217,0.3263458869491348,0.18913182163125572,0.17973200786458093,0.5193068118631786,0.30096118027224045,0.03615296883856245,0.551491586975352,0.22484407667979098,0.7572143532571068,0.11179478626623812,0.5403993106715731,1,0,-2.0656871597773474
63,C,0.18643810901672028,0.19074607726788967,0.3264592292967457,0.26496106534683295,0.27108343948659536,0.4639554951665718,0.05801939344468614,0.6596283082278279,0.07649320903052577,0.5643385158135136,0.17932682929353042,0.713917101291009,1,0,-9.597208552253909
64,C,0.1698021570468932,0.22066323043222694,0.28770629020187494,0.25038225958879745,0.32537960179461317,0.4242381386165893,0.05270978500080417,0.6391799637202839,0.08678289540101246,0.6592605126086442,0.16334517368236143,0.6759218892450622,1,0,-7.856148158164352
65,C,0.2767433094835231,0.6162940579442431,0.47358351449926583,0.20250188852177897,0.4509619793568681,0.3465361321213529,0.03472891035084984,0.6188501143572532,0.15905127270206165,0.7192966574665182,0.1218128857033336,0.6018627690614884,1,0,-21.714869979687702
66,C,0.6000860686932277,0.41560035585542454,0.331229000675513,0.44552616849967114,0.3085571284375608,0.24591670306276803,0.14574874870177956,0.7779928930299985,0.08998108616028463,0.6162662204612089,0.08129804156253531,0.48656971100049073,1,0,-15.726702676901883
67,C,0.14687656077119432,0.40151295477625965,0.4484618495113634,0.14734048216157897,0.40278116562800625,0.44987835221041483,0.01600561587891973,0.6291259002328959,0.12596407169586332,0.6837728367552397,0.14491245503157862,0.7166906716684058,1,0,-17.668805542481042
68,C,0.40113902694705367,0.44404421507172853,0.1632053702451706,0.397802020043095,0.4403502872516542,0.16184769270525087,0.12500091802967284,0.7436655044512868,0.1573418517373662,0.7173247242101385,0.059141553214447924,0.3200831087264291,1,0,-4.184661941846208
69,C,0.10268139921243281,0.5887986813822481,0.2845027894458738,0.10520819818094361,0.6032879259015909,0.29150387591746557,0.01527561417749365,0.4544014337096129,0.2857046603139749,0.812460365419997,0.11696469672193191,0.5161830696975802,1,0,-11.498637000370666
70,C,2.061153622438558e-09,0.9960676342601781,0.3558882107285464,1.5245716987993583e-09,0.7367604766336944,0.263239521841734,3.75053029653292e-14,0.9999999999999227,4.2862395700348816e-14,0.8739339648454129,2.1639713972078323e-14,0.4661212887921892,1,0,-15.441149054403382
71,C,0.19666354549163834,0.355308574929303,0.2294142642968772,0.25168540089505054,0.45471559509910753,0.293599004005842,0.0538471690191069,0.642129386378866,0.16239159108331727,0.7289436520586038,0.11626935517395845,0.5041672037892397,1,0,-6.68063589312343
72,C,0.20018951790355205,0.2624460981848242,0.28196958104196085,0.2688532374942724,0.35246342517655715,0.37868333732917037,0.0606220687665938,0.6586191728801025,0.1158727404055749,0.6366552973012671,0.13758293596109963,0.634367265457984,1,0,-8.603752339903396
73,C,0.3003393167173145,0.7075061869435212,0.22797181500533734,0.24302889446594986,0.5725006246935735,0.1844704808404765,0.06124229099561122,0.6048489170560658,0.25887183013159637,0.7964272219478321,0.07446465611625745,0.3451520432156238,1,0,-11.193447006694157
74,C,0.05349247922902102,0.09130972623644852,0.5347535493515193,0.07871683647712921,0.13436679122971912,0.7869163722931517,0.0029603662886477744,0.6787979774584617,0.007257115410881281,0.6799062483044577,0.18221664455476735,0.9581150300848096,1,0,-14.638513712564695
75,C,0.6893382978267621,0.32113360416431963,0.2924376006260428,0.52907611498888,0.24647422059572513,0.224449664415395,0.19573653866893345,0.8276310450325749,0.06598479768500115,0.5376699993316277,0.07447057934900395,0.4475472819748977,1,0,-12.836942466622375
76,C,0.46874447189136814,0.24747027235872956,0.3911146671108885,0.4233107755308766,0.22348387915983473,0.35320534530928865,0.12017260059574177,0.7745469760761341,0.044694131326411146,0.570325899764181,0.11668433856421577,0.622525637611989,1,0,-15.60823417784885
77,C,0.07395582027788844,0.30722761204237703,0.26881187420701175,0.1137790066100806,0.472661277638755,0.4135597157511644,0.013357023152347108,0.5282777439758695,0.17256640012754373,0.735536528278513,0.16394388580720118,0.657253165600986,1,0,-6.741357559418148
78,C,0.26024237433698383,0.5583902753192574,0.26836962639290735,0.2394129065514643,0.5136974297319777,0.24688966371655788,0.053290931725160105,0.6225292924085452,0.20993669577369264,0.7537976613810008,0.09983455983896712,0.4353139917029573,1,0,-12.083354174490852
79,C,0.5058725371824703,0.24051262346245905,0.3088285945974911,0.4794029026528879,0.22792786984396796,0.2926692275031443,0.16102736390207145,0.7985779673089763,0.05561797480926766,0.5296173208201456,0.09993942173002043,0.540619962147084,1,0,-11.72391118738001
80,C,2.061153622438558e-09,0.7667984106285279,0.6353766408479677,1.4699688296681101e-09,0.5468635379683275,0.4531364605617037,3.7665454105880636e-14,0.999999999999913,2.90623665554009e-14,0.7723167747792594,3.874232646668551e-14,0.6939352134313842,1,0,-24.303523742961975
81,C,0.3393319631285898,0.26423397000777715,0.3535522673987116,0.35453506467527807,0.27607245360087884,0.3693924817238431,0.09859212028394224,0.7112200505339162,0.0686127155990074,0.6049579511929171,0.1247670003017562,0.6529566068598156,1,0,-13.482723816933564
82,C,0.10740613874863326,0.295103780673522,0.2835938249243648,0.15654504094119512,0.43011539159372136,0.41333956746508344,0.02799739137619362,0.5207336111111297,0.157202878733013,0.7096848184877644,0.16693448174929776,0.6626631691197161,1,0,-8.058743850337958
83,C,0.2908962121508608,0.2856771169100557,0.3543863858036712,0.31246917294715915,0.30686302785036057,0.38066779920248034,0.07426770529446373,0.6952929143181197,0.0794623823185422,0.6299621941282335,0.1411915029218054,0.6295363871049456,1,0,-13.528375018440194
84,C,1.3200521339762936,0.701266535016137,0.27786478919851276,0.5741395403979396,0.3050067764352791,0.12085368316678126,0.22673412514159488,0.8541110591952692,0.08809483477624591,0.6127369696268573,0.038240524427365495,0.267786100152437,1,0,-17.572378980348923
85,C,0.7452448504236867,0.4843551824873243,0.17945270894066173,0.5288977681874002,0.3437452467895705,0.12735698502302922,0.19835996163863814,0.8305627859594505,0.10587837844217643,0.6487975314457111,0.044113634980327776,0.2657796391665354,1,0,-7.563629299039988
86,C,0.5066986729112201,0.26350816663870885,0.3008163182262198,0.473097774994258,0.2460340513886292,0.28086817361711286,0.14949478683731604,0.8013291884217826,0.0544070230421578,0.5877795133058893,0.09689811397463038,0.5172797264900668,1,0,-11.689580845294367
87,C,0.28007514883391615,0.5916706841887481,0.1777837600062407,0.2668577910467767,0.563748452753207,0.16939375620001632,0.06836247231973111,0.635369368809957,0.23924652656037135,0.8000243650826349,0.06497260588287707,0.3295135450417262,1,0,-6.26822142732064
88,C,1.1509159360155548,0.4259141109539579,0.39352273756074596,0.5841166846118567,0.21616134648470978,0.19972196890343352,0.23510954081943466,0.8577184705730436,0.057172648404638475,0.500686242102967,0.06003240086126791,0.4365257777928232,1,0,-20.10400990702054
89,C,0.1430467016482032,0.3323425340560575,0.30884219379517847,0.18240368374359509,0.4237811971756676,0.39381511908073724,0.03010349499771532,0.5943362109684448,0.14785757836273938,0.6927188159123007,0.15982705224475036,0.6205644763507302,1,0,-10.535911970810028
90,C,0.5499639600554015,0.453331376340403,0.2179126993754785,0.45034420340024917,0.3712155202566209,0.17844027634312978,0.14732655693077468,0.7851884404813062,0.11783094939476425,0.6625970755583745,0.06078151867409949,0.3554039361122546,1,0,-9.43410016457819
91,C,0.09128417192724271,0.13746905461812978,0.5303689437271643,0.12024964558006553,0.18108950048024053,0.6986608539396939,0.007352076027329636,0.6876387360730651,0.018434687591083847,0.6318536979679976,0.17867876779859604,0.9171366793052449,1,0,-16.097853260054492
92,C,0.7721421032595973,0.402763641235001,0.230294522018687,0.5494890099725848,0.2866236584443412,0.1638873315830742,0.20850463651084164,0.8398868462455006,0.07729061728385148,0.5983759660014065,0.053183276919793965,0.3489482200912748,1,0,-10.46329328092228
93,C,0.26623916639460443,0.30052438402851306,0.3482414045163845,0.29097019087968495,0.32844017117741514,0.38058963794289996,0.06564241185073363,0.6839275255828113,0.08913817959470624,0.6495640083847248,0.14945654886361046,0.6143020873261786,1,0,-13.274802715538383
94,C,0.22539221556814135,0.27811254398742496,0.2577771364820642,0.29606932299490824,0.36532136838530277,0.3386093086197891,0.07114380100215252,0.6729817758596595,0.10319363112203711,0.6928455508916279,0.11262598863801264,0.6126020908065085,1,0,-7.6442084855929515
95,C,0.19795119113032042,0.3468474048789327,0.4523394163830438,0.19851935105292315,0.3478429270255069,0.45363772192157004,0.03529181611934421,0.5958720758156311,0.10206326883769448,0.6606253981988646,0.17115953232941658,0.7103722713395207,1,0,-17.69787912509501
96,C,0.4248156944488934,0.003449023603028551,0.42898228818502343,0.4955580962757812,0.0040233720012260174,0.5004185317229928,5.1427994799732875e-11,0.7612063490514093,1.0754408098724805e-13,0.9999999999187305,2.5775664743648833e-11,0.813370441876324,1,0,-10.902101467108553
97,C,0.35861231996401355,0.29471416551106083,0.3456150125786273,0.3589923140271174,0.29502645158427226,0.34598123438861034,0.09838735056299015,0.7268956539432252,0.0867354261306119,0.5890324012571269,0.12541793555487238,0.5976456646341556,1,0,-13.69108629006288
98,C,2.061153622438558e-09,0.14035516192928152,0.3594440918504735,4.123962967833319e-09,0.28082307104106224,0.7191769248349749,1.1161089655175397e-13,0.9999999999999666,3.963082929868557e-15,0.5954790030067018,2.2164168903645715e-14,0.9028215018174712,1,0,-6.481725260836079
99,C,0.22644010100432357,0.24490090722990696,0.29565296244250033,0.2952306141396808,0.31929965109611885,0.38546973476420043,0.06491335605028002,0.695877060328363,0.09334102241502494,0.6108607844606683,0.1402447108245169,0.6332961677575252,1,0,-9.334744657311528
