rep,scenario,path,occ,s2_family,s2_era,s2_unique,share_family,share_era,share_unique,bias_pp_family,bias_pp_era,era_boundary,ranking_ok,converged
0,A,lpm,d2,0.013197906066147572,0.004766446423594411,0.023147397404504014,0.32102515947623894,0.11593878722884338,0.5630360532949176,-17.897484052376107,-8.406121277115663,0,1,1
0,A,glmm,d2,0.17947800935529068,6.914398791185899e-13,0.614260955271785,0.22611717120307798,8.71117470518596e-13,0.7738828287960509,-27.388282879692206,-19.99999999991289,1,1,0
1,A,lpm,d2,0.022177027947229318,0.02868209513447125,0.013587309942003837,0.3441156772644385,0.44505326033981624,0.21083106239574517,-15.588432273556151,24.50532603398162,0,0,1
1,A,glmm,d2,0.43586971197998914,0.5448802805627533,0.1792218580154203,0.37575887015728404,0.46973577876097966,0.15450535108173633,-12.424112984271595,26.973577876097966,0,0,1
2,A,lpm,d2,0.009529839456622842,0.020034851057386137,0.011530005289980896,0.23189950114432023,0.4875288809277658,0.28057161792791396,-26.810049885567977,28.75288809277658,0,0,1
2,A,glmm,d2,0.20239576734718637,0.38830866852519147,0.16852507623504126,0.26658047944604996,0.5114509675043453,0.22196855304960486,-23.341952055395005,31.145096750434526,0,0,1
3,A,lpm,d2,0.006729392920975042,0.015113943773682418,0.015245087833483955,0.18144186512611263,0.4075110756515009,0.4110470592223865,-31.85581348738874,20.75110756515009,0,0,1
3,A,glmm,d2,6.15629481217452e-06,6.914400107573044e-13,0.777669120068504,7.916279454013315e-06,8.891114733518429e-13,0.9999920837196569,-49.999208372054596,-19.99999999991109,1,1,0
4,A,lpm,d2,2.061153622438558e-09,0.014723386301203931,0.022932425374625587,5.473666395407688e-08,0.39099902086948024,0.6090009243938559,-49.9999945263336,19.099902086948024,0,0,1
4,A,glmm,d2,0.20160385950190432,6.914399244542206e-13,0.47862585812135583,0.29637614217460007,1.0164800309951562e-12,0.7036238578243835,-20.362385782539995,-19.999999999898353,1,1,0
5,A,lpm,d2,0.05378276115117351,0.006893253050817928,0.024153538754562234,0.6340097203944821,0.08126004217360874,0.2847302374319091,13.400972039448211,-11.873995782639128,0,1,1
5,A,glmm,d2,1.223632392753007,6.914399830387346e-13,0.8953018466034494,0.5774753977849914,3.2631497957600934e-13,0.42252460221468235,7.747539778499135,-19.99999999996737,1,1,0
6,A,lpm,d2,0.003759488429010073,0.009787886346968463,0.014286908578309256,0.13506683039608183,0.3516485846746497,0.5132845849292684,-36.49331696039182,15.16485846746497,0,0,1
6,A,glmm,d2,6.163783551747004e-06,6.914399747306334e-13,0.49354496108897666,1.2488642495405751e-05,1.4009490403010345e-12,0.9999875113561036,-49.99875113575046,-19.999999999859906,1,1,0
7,A,lpm,d2,0.013815928990269384,0.00992825941613188,0.016840054452563116,0.3404259391577556,0.2446333531620609,0.4149407076801836,-15.95740608422444,4.463335316206088,0,1,1
7,A,glmm,d2,0.31378089410966103,6.914399790612993e-13,0.5581523367518941,0.3598680300318019,7.929964756332785e-13,0.6401319699674051,-14.01319699681981,-19.9999999999207,1,1,0
8,A,lpm,d2,0.012959677044389491,0.007715603374780272,0.020656858132657812,0.3135496371217031,0.186673219560257,0.4997771433180399,-18.64503628782969,-1.3326780439743002,0,1,1
8,A,glmm,d2,0.16984662153042818,6.914399861913254e-13,0.5150346678811303,0.2479942497424434,1.0095763994147131e-12,0.752005750256547,-25.200575025755654,-19.999999999899043,1,1,0
9,A,lpm,d2,0.010010167815732938,0.008927456181248863,0.011056787149696047,0.3337344336176993,0.297637321085987,0.36862824529631366,-16.62655663823007,9.763732108598699,0,1,1
9,A,glmm,d2,0.09725909100683645,6.914400110309301e-13,0.35373641392262856,0.21565423589287994,1.5331416909310663e-12,0.784345764105587,-28.43457641071201,-19.999999999846686,1,1,0
10,A,lpm,d2,0.03181065285993397,0.015203487493152281,0.017526479938028076,0.49287801568144407,0.23556463239082678,0.2715573519277293,-0.712198431855593,3.556463239082677,0,1,1
10,A,glmm,d2,0.6310249504408412,0.3283013624273307,0.25102154001367677,0.5213583425115064,0.2712454619105097,0.2073961955779839,2.1358342511506367,7.1245461910509675,0,1,1
11,A,lpm,d2,0.007323928406601328,0.011022528316927566,0.018408929711059455,0.1992613632191119,0.29988878872335584,0.5008498480575322,-30.07386367808881,9.988878872335583,0,0,1
11,A,glmm,d2,6.156729447732869e-06,6.914399844041785e-13,0.8146110094109263,7.557819431792726e-06,8.487913257212694e-13,0.9999924421797195,-49.99924421805682,-19.999999999915122,1,1,0
12,A,lpm,d2,0.024742370359556936,0.01108150935808751,0.014448397994414105,0.49216728355282197,0.22042982459554336,0.2874028918516346,-0.7832716447178034,2.042982459554335,0,1,1
12,A,glmm,d2,0.45794036532107035,6.914400233815299e-13,0.5457756949682551,0.4562449316480516,6.888801033847591e-13,0.5437550683512595,-4.375506835194843,-19.999999999931113,1,1,0
13,A,lpm,d2,0.035643437242739,0.01026047492966277,0.016660863270450126,0.5697045500514348,0.1639976305682568,0.26629781938030833,6.970455005143483,-3.60023694317432,0,1,1
13,A,glmm,d2,0.7898550491812201,6.914399376728017e-13,0.609677139356687,0.5643707630661874,4.940507573425718e-13,0.43562923693331856,6.437076306618739,-19.999999999950596,1,1,0
14,A,lpm,d2,0.012404081681724214,0.009080887879771172,0.01617985511316738,0.3293280079986267,0.24109730917929667,0.42957468282207656,-17.067199200137328,4.1097309179296655,0,1,1
14,A,glmm,d2,0.3775806715987514,0.1434234980459164,0.2637246811487258,0.48116068526982486,0.18276822357290579,0.3360710911572694,-1.8839314730175138,-1.7231776427094225,0,1,1
15,A,lpm,d2,0.009718707595054998,0.02495320006728118,0.018340215700032067,0.1833299060409647,0.4707074247283354,0.3459626692307,-31.667009395903534,27.070742472833537,0,0,1
15,A,glmm,d2,0.1727457058516675,0.41917312772971377,0.284480555398966,0.1971084279881227,0.47829007299674586,0.3246014990151314,-30.289157201187734,27.829007299674586,0,0,1
16,A,lpm,d2,0.01603075534011462,0.03247073739935676,0.017949538203459306,0.24124163481951266,0.4886415897330954,0.270116775447392,-25.875836518048732,28.86415897330954,0,0,1
16,A,glmm,d2,0.32461093383178247,0.6654681517634474,0.2369236710209732,0.26455599393027135,0.5423526134518707,0.19309139261785788,-23.544400606972864,34.23526134518707,0,0,1
17,A,lpm,d2,0.02935723189313868,0.02240728039820604,0.014340816220826835,0.4440978141078797,0.3389633014845442,0.21693888440757622,-5.590218589212031,13.896330148454417,0,1,1
17,A,glmm,d2,0.6794116846063406,0.5595950075932373,0.2754087825330147,0.44862965014690404,0.36951220911952687,0.18185814073356912,-5.1370349853095965,16.951220911952685,0,1,1
18,A,lpm,d2,0.003324813679832932,0.02407918550805186,0.02414868036814452,0.06449351825096511,0.4670792229506079,0.46842725879842706,-43.550648174903486,26.707922295060786,0,0,1
18,A,glmm,d2,6.155289583336605e-06,0.34852844552224027,0.4219495661923418,7.988859274383154e-06,0.4523499124938619,0.5476420986468639,-49.99920111407256,25.23499124938619,0,0,0
19,A,lpm,d2,0.003511177808820349,0.0184239646675447,0.018833850914287756,0.08612373072780757,0.45191119856711504,0.46196507070507736,-41.387626927219245,25.191119856711502,0,0,1
19,A,glmm,d2,6.149848993074657e-06,6.914400153060773e-13,0.7996482249987764,7.69063383694998e-06,8.646735853062883e-13,0.9999923093652984,-49.99923093661631,-19.999999999913534,1,1,0
20,A,lpm,d2,0.05657606423296068,0.00837822271274246,0.01639626244778668,0.6954601370828388,0.1029891349868737,0.2015507279302875,19.546013708283883,-9.70108650131263,0,1,1
20,A,glmm,d2,1.2115342645192215,6.914400887761094e-13,0.6081222799108454,0.6658038123882465,3.7998384414483673e-13,0.33419618761137354,16.58038123882465,-19.999999999962004,1,1,0
21,A,lpm,d2,0.04773101578318742,0.014682816556669344,0.01791973796147224,0.5941602695379988,0.1827731109372396,0.22306661952476153,9.416026953799882,-1.7226889062760402,0,1,1
21,A,glmm,d2,1.1062744422901905,6.91440015938171e-13,0.8909636718835309,0.5539021283636403,3.46198087764807e-13,0.4460978716360135,5.390212836364028,-19.999999999965382,1,1,0
22,A,lpm,d2,0.020802220929853517,0.025097342960689255,0.015330362174209517,0.3397394422435626,0.4098868735224038,0.25037368423403367,-16.026055775643737,20.988687352240383,0,0,1
22,A,glmm,d2,0.4215196462406822,0.45919992657198083,0.1848822613143923,0.39556955772884206,0.43093012029972616,0.17350032197143173,-10.443044227115795,23.093012029972616,0,0,1
23,A,lpm,d2,0.013631335345899047,0.02221121787967531,0.018776903048336242,0.24956922451844615,0.4066539543764127,0.34377682110514113,-25.043077548155384,20.66539543764127,0,0,1
23,A,glmm,d2,0.2848543738074552,0.5033223107266854,0.2902906280599146,0.26412888965757364,0.4667014983662656,0.2691696119761606,-23.587111034242636,26.67014983662656,0,0,0
24,A,lpm,d2,0.038867757773726495,0.012110213672834514,0.015770945342827948,0.5822979554314698,0.18142936627789094,0.23627267829063928,8.229795543146977,-1.8570633722109071,0,1,1
24,A,glmm,d2,0.794759925801357,0.20961885378437653,0.29549052953758637,0.6114152555362451,0.16126148399161086,0.22732326047214402,11.14152555362451,-3.873851600838915,0,1,1
25,A,lpm,d2,0.012836958398601637,0.00696115767202315,0.008327256936318648,0.45641913426117126,0.2475045458172099,0.29607631992161887,-4.358086573882875,4.750454581720989,0,1,1
25,A,glmm,d2,0.303954835146698,0.12150315754390546,0.12222382853685342,0.554984341940506,0.2218499004980561,0.2231657575614379,5.498434194050605,2.1849900498056103,0,1,1
26,A,lpm,d2,2.061153622438558e-09,0.008317460861070528,0.02476799457150001,6.229787279893378e-08,0.2513932552586958,0.7486066824434314,-49.99999377021272,5.139325525869581,0,0,1
26,A,glmm,d2,6.154583369750372e-06,6.914399080676226e-13,0.6214381757526601,9.903676112734978e-06,1.1126337055693713e-12,0.9999900963227747,-49.99900963238873,-19.999999999888736,1,1,0
27,A,lpm,d2,0.020673283988638245,0.009922588191179455,0.015111793016619616,0.45229359014053566,0.21708805620534896,0.33061835365411546,-4.770640985946434,1.708805620534895,0,1,1
27,A,glmm,d2,0.361612802315213,6.914401259779509e-13,0.4866655577079218,0.42629025960895206,8.151099433428078e-13,0.5737097403902328,-7.370974039104794,-19.99999999991849,1,1,0
28,A,lpm,d2,0.006548255202247081,0.003513962386156996,0.029675491222872802,0.16478693407680312,0.08842891277012413,0.7467841531530728,-33.52130659231969,-11.157108722987589,0,1,1
28,A,glmm,d2,6.149890192577117e-06,6.914400150585541e-13,0.9999514203503679,6.150151142006337e-06,6.914693539364233e-13,0.9999938498481665,-49.9993849848858,-19.999999999930854,1,1,0
29,A,lpm,d2,0.07071720044850119,0.009445897315168464,0.012279072879908625,0.7649885323567284,0.10218169099023257,0.13282977665303905,26.498853235672836,-9.781830900976745,0,1,1
29,A,glmm,d2,1.3983689890103586,6.914401914253326e-13,0.6596670719026199,0.6794676806535398,3.359708824141624e-13,0.32053231934612414,17.94676806535398,-19.999999999966402,1,1,0
0,B,lpm,d2,0.01617650848950218,0.02949495058060476,0.015619071646964449,0.2639316106459574,0.4812317699900331,0.25483661936400936,6.393161064595737,-1.8768230009966913,0,1,1
0,B,glmm,d2,0.4668045277341769,0.9992167787686056,0.1885593143529874,0.2821286082105445,0.6039093932163899,0.1139619985730657,8.212860821054447,10.390939321638992,0,1,1
1,B,lpm,d2,2.061153622438558e-09,0.018762707804732902,0.016373112665259416,5.8662455407482215e-08,0.5340050823657482,0.46599485897179627,-19.99999413375446,3.4005082365748174,0,1,1
1,B,glmm,d2,6.147301784372206e-06,6.914400289212626e-13,0.6430376264186776,9.55969412284193e-06,1.075261214209494e-12,0.9999904403048019,-19.99904403058772,-49.999999999892474,1,0,0
2,B,lpm,d2,0.0002044954018648162,0.04278541025775158,0.013402350093483168,0.0036263029228721048,0.7587107429267875,0.23766295415034033,-19.63736970771279,25.871074292678752,0,1,1
2,B,glmm,d2,6.164500421497131e-06,0.8438681218687811,0.19042928416724372,5.960049444961197e-06,0.8158805073360668,0.18411353261448832,-19.999403995055506,31.588050733606675,0,1,1
3,B,lpm,d2,0.014728432617404466,0.012697086823864088,0.026579214579460362,0.2727248431915464,0.23511062602383154,0.492164530784622,7.272484319154637,-26.488937397616848,0,0,1
3,B,glmm,d2,0.1386276040051389,6.914400315167269e-13,0.7601999239194106,0.15423159582699064,7.692688641977561e-13,0.8457684041722401,-4.576840417300937,-49.99999999992307,1,0,0
4,B,lpm,d2,0.03983067064252644,0.03626780406819197,0.010597962390254862,0.45942684583608223,0.4183309635429623,0.12224219062095562,25.942684583608223,-8.166903645703771,0,0,1
4,B,glmm,d2,0.9139272681539594,0.9727939660548196,0.13674259257837054,0.4516647424357917,0.48075678605009664,0.06757847151411155,25.166474243579167,-1.924321394990336,0,1,1
5,B,lpm,d2,0.02834751305392683,0.010778732636880584,0.012685022914307793,0.5471302636880068,0.20803838483538742,0.2448313514766058,34.713026368800676,-29.19616151646126,0,0,1
5,B,glmm,d2,0.47169966069863695,0.43529876933683365,0.12128562744646952,0.4587250548780598,0.42332540913139544,0.1179495359905448,25.87250548780598,-7.667459086860457,0,0,1
6,B,lpm,d2,0.004070473552190872,0.0328696263010803,0.012591577209280022,0.08217919912242148,0.6636081847091673,0.2542126161684111,-11.782080087757853,16.360818470916726,0,1,1
6,B,glmm,d2,0.07377322489481376,0.6085837312515697,0.17068154830676668,0.0864828779822863,0.7134305521668206,0.20008656985089318,-11.351712201771372,21.34305521668206,0,1,1
7,B,lpm,d2,0.009170314872439902,0.02955419014796314,0.01284523515800119,0.1778235616606837,0.5730917015622176,0.24908473677709872,-2.217643833931632,7.3091701562217555,0,1,1
7,B,glmm,d2,0.19678264098523202,0.5707430942377574,0.19704316551978387,0.20401097405659474,0.5917079576153166,0.2042810683280887,0.40109740565947294,9.170795761531657,0,1,1
8,B,lpm,d2,0.0015891553700072025,0.03388967897209192,0.023198036586953262,0.02708316487988408,0.5775645230480805,0.39535231207203547,-17.291683512011595,7.7564523048080485,0,1,1
8,B,glmm,d2,6.15168326571855e-06,0.48730151373505143,0.4446930122780081,6.60051372593847e-06,0.5228553212424052,0.47713807824386895,-19.999339948627405,2.285532124240519,0,1,0
9,B,lpm,d2,0.036890908915866445,0.031436925175137055,0.013388117141640869,0.4514529704346028,0.3847097745412825,0.16383725502411461,25.14529704346028,-11.529022545871747,0,0,1
9,B,glmm,d2,0.8187135802366258,0.8151570375944017,0.25337328270463216,0.4338143999322233,0.43192988323503617,0.13425571683274046,23.38143999322233,-6.807011676496383,0,0,1
10,B,lpm,d2,0.004215286160503154,0.036296452094979614,0.028118882048539424,0.06141990472809571,0.5288667352005911,0.40971336007131326,-13.858009527190429,2.886673520059113,0,1,1
10,B,glmm,d2,6.146669259349826e-06,6.914402888323809e-13,1.5764026694004487,3.899159403759213e-06,4.3861736992563383e-13,0.9999961008401577,-19.999610084059626,-49.99999999995614,1,0,0
11,B,lpm,d2,0.010346379901293456,0.02903265401043186,0.012422061684842401,0.1997328392795421,0.5604640920443299,0.23980306867612802,-0.026716072045790407,6.04640920443299,0,1,1
11,B,glmm,d2,0.2827793900675436,0.7041298808917695,0.14683660713646035,0.24942043497657218,0.6210649974528842,0.1295145675705436,4.942043497657217,12.106499745288424,0,1,0
12,B,lpm,d2,0.005124571169852525,0.019056139606678287,0.012067731596253252,0.1413735552317177,0.5257091990519833,0.3329172457162988,-5.86264447682823,2.5709199051983322,0,1,1
12,B,glmm,d2,0.10000354118707323,0.3240529478655305,0.15952817480276654,0.17136081083148047,0.5552800954787265,0.273359093689793,-2.8639189168519543,5.528009547872648,0,1,1
13,B,lpm,d2,0.009429313731068499,0.016242158642082175,0.017017248646366757,0.22088536517075283,0.38047892403841765,0.3986357107908296,2.0885365170752817,-11.952107596158235,0,1,1
13,B,glmm,d2,0.16984211646907685,0.32465796135056435,0.1918210584489206,0.2474674135674827,0.473040890326775,0.27949169610574226,4.746741356748268,-2.6959109673225012,0,1,1
14,B,lpm,d2,0.0017635402631979214,0.02439561551345182,0.019999172927175367,0.03820632836413287,0.5285203385500865,0.4332733330857807,-16.179367163586715,2.852033855008651,0,1,1
14,B,glmm,d2,6.147379718629567e-06,6.914399881994407e-13,1.0759760072213103,5.713272931468874e-06,6.426128772139166e-13,0.999994286726426,-19.999428672706856,-49.99999999993574,1,0,0
15,B,lpm,d2,0.008021081951208884,0.06629753700570015,0.0167176985618658,0.08810859412843297,0.7282537212912562,0.18363768458031085,-11.189140587156704,22.825372129125622,0,1,1
15,B,glmm,d2,0.22317989743891717,1.5044634803782704,0.2217245036838766,0.1144883423784857,0.7717699130344726,0.1137417445870417,-8.551165762151431,27.176991303447263,0,1,1
16,B,lpm,d2,0.013583877412794527,0.03892074449890708,0.012308475914583379,0.20958537499939678,0.600507394403894,0.18990723059670928,0.9585374999396767,10.0507394403894,0,1,1
16,B,glmm,d2,0.2461334746948079,0.8983296094780325,0.2223706319849725,0.18007565352330657,0.657234013807655,0.16269033266903832,-1.9924346476693444,15.7234013807655,0,1,1
17,B,lpm,d2,0.0014967966018798668,0.028780359789630307,0.01417667238230443,0.03367081403709258,0.6474213939156416,0.3189077920472658,-16.632918596290743,14.742139391564157,0,1,1
17,B,glmm,d2,6.166962979521351e-06,0.483283750618149,0.2426974475862406,8.494587200012249e-06,0.6656916825360077,0.3342998228767923,-19.99915054128,16.569168253600775,0,1,0
18,B,lpm,d2,0.020528942244964845,0.04102192241224169,0.005846272211321081,0.3045966520063143,0.6086597193626138,0.08674362863107185,10.459665200631429,10.865971936261376,0,1,1
18,B,glmm,d2,0.496374827549488,0.9712214447073321,0.04049449773746124,0.3291412144584442,0.6440072865846231,0.026851498956932677,12.914121445844417,14.400728658462313,0,1,1
19,B,lpm,d2,0.011616714528794335,4.049031478326019e-09,0.033672324415769894,0.2565016560503839,8.940421812177815e-08,0.743498254545398,5.650165605038388,-49.999991059578186,1,0,1
19,B,glmm,d2,6.152339638903919e-06,6.914398442036241e-13,0.9106156378922342,6.756196375811156e-06,7.593051820416428e-13,0.9999932438028649,-19.99932438036242,-49.99999999992407,1,0,0
20,B,lpm,d2,0.005337667295155043,0.0186701832414353,0.016729273982086956,0.1310271001751194,0.45830881442982874,0.41066408539505195,-6.897289982488061,-4.169118557017127,0,1,1
20,B,glmm,d2,0.10615920874689658,0.36078720617354265,0.21857264547061478,0.15485960184146905,0.5262978478931452,0.318842550265386,-4.5140398158530965,2.6297847893145154,0,1,1
21,B,lpm,d2,0.026074386967441254,0.01905850712758135,0.013305242407187534,0.4461878582739392,0.3261313290998003,0.22768081262626036,24.618785827393918,-17.38686709001997,0,0,1
21,B,glmm,d2,0.595485538661863,0.4629794770586488,0.22304527429403342,0.46467480074241485,0.36127644129443076,0.17404875796315444,26.467480074241482,-13.872355870556923,0,0,1
22,B,lpm,d2,0.007877749678198957,0.03948595348938031,0.008134942134476412,0.14194490037231888,0.7114759878277198,0.1465791117999612,-5.805509962768113,21.147598782771983,0,1,1
22,B,glmm,d2,0.20077832916100938,0.9533485789673704,0.06579608691030367,0.16458278922321876,0.781482587708038,0.0539346230687432,-3.5417210776781256,28.148258770803803,0,1,1
23,B,lpm,d2,0.02475370788977084,0.06039144285349927,0.007737175431603035,0.2665061148787992,0.6501930489961886,0.08330083612501216,6.650611487879921,15.019304899618858,0,1,1
23,B,glmm,d2,0.5627973257334561,1.418939973901613,0.07731726273630986,0.2733280292899532,0.6891220853649664,0.037549885345080344,7.332802928995319,18.912208536496642,0,1,1
24,B,lpm,d2,2.061153622438558e-09,0.04040374564882982,0.015110866379109009,3.712812664302632e-08,0.7278037740474607,0.27219618882441265,-19.999996287187336,22.780377404746066,0,1,1
24,B,glmm,d2,6.152108057325344e-06,0.7105018091712653,0.3048520471778914,6.059041134260497e-06,0.6997535881394772,0.3002403528193887,-19.999394095886576,19.975358813947718,0,1,0
25,B,lpm,d2,0.009480088638915774,0.0358922898885039,0.019290650126478102,0.1466075566867889,0.5550666375466837,0.29832580576652734,-5.339244331321111,5.506663754668373,0,1,1
25,B,glmm,d2,0.21800904671795115,0.6923330784157995,0.32268107908583277,0.17680855151135252,0.5614923352995594,0.261699113189088,-2.319144848864749,6.149233529955945,0,1,1
26,B,lpm,d2,0.005391596207982952,0.03893403539850046,0.015622197215596783,0.08993813977791805,0.6494653128148011,0.26059654740728094,-11.006186022208196,14.946531281480112,0,1,1
26,B,glmm,d2,0.11619484939685396,0.7308589497629745,0.304564921530022,0.1008969785826772,0.6346362182486669,0.2644668031686559,-9.91030214173228,13.463621824866689,0,1,1
27,B,lpm,d2,0.002775526260349162,0.020611742350821933,0.02434912752239402,0.05814276914795403,0.4317825395354699,0.510074691316576,-14.185723085204598,-6.821746046453009,0,1,1
27,B,glmm,d2,6.147002753172745e-06,6.914400128515369e-13,1.0139314150091203,6.062506197099116e-06,6.819354946068842e-13,0.9999939374931209,-19.999393749380292,-49.9999999999318,1,0,0
28,B,lpm,d2,0.0052343738562253845,0.020892813400316037,0.014669786102318807,0.12830299468988893,0.5121167498514584,0.3595802554586526,-7.169700531011109,1.2116749851458386,0,1,1
28,B,glmm,d2,0.09061985360813328,0.42335342140418347,0.16894433429659655,0.13269514854044712,0.619918736364993,0.24738611509455996,-6.7304851459552895,11.991873636499296,0,1,1
29,B,lpm,d2,2.061153622438558e-09,0.03881786284739138,0.027397308294292468,3.1128116453378584e-08,0.5862381833311877,0.4137617855406958,-19.999996887188356,8.623818333118772,0,1,1
29,B,glmm,d2,6.154882950791502e-06,0.944966200841076,0.5579062534138625,4.095395937747884e-06,0.6287708102939505,0.37122509431011175,-19.99959046040623,12.877081029395054,0,1,1
0,C,lpm,d2,2.061153622438558e-09,0.0151220269733802,0.04869528029176754,3.229772054318003e-08,0.23695807819255518,0.7630418895097243,-32.999996770227945,-9.304192180744483,0,0,1
0,C,glmm,d2,6.147685049874135e-06,6.914399817248008e-13,1.7713606259150556,3.4705884413634175e-06,3.9034263938419494e-13,0.9999965294111682,-32.999652941155865,-32.99999999996096,1,1,0
1,C,lpm,d2,0.011891797489884474,0.009883816687606769,0.02811325483558193,0.23836574621020729,0.19811667177736092,0.5635175820124319,-9.163425378979273,-13.18833282226391,0,1,1
1,C,glmm,d2,6.153434805557389e-06,6.914400556192713e-13,1.0251205396609133,6.002609089195452e-06,6.744922947336065e-13,0.9999939973902364,-32.99939973909108,-32.99999999993255,1,1,0
2,C,lpm,d2,0.018097953361422198,0.02344406443118887,0.011901518625346559,0.3386368974516642,0.43866978127801065,0.22269332127032512,0.8636897451664183,10.866978127801064,0,0,1
2,C,glmm,d2,0.40987668850067804,0.5433832826068724,0.17652260426102717,0.36279253852623883,0.4809627041996114,0.15624475727414971,3.2792538526238815,15.096270419961138,0,0,1
3,C,lpm,d2,0.015672420159824407,0.04745726411367486,0.0118561814079957,0.20900499070576242,0.6328827930753138,0.15811221621892366,-12.09950092942376,30.28827930753138,0,0,1
3,C,glmm,d2,0.38353373853259287,1.0358787592422654,0.12659392212428733,0.24808030134675177,0.6700352248924306,0.08188447376081773,-8.191969865324825,34.00352248924306,0,0,1
4,C,lpm,d2,0.0008684621627237676,0.005762290681874662,0.0320086798082611,0.02247605886261626,0.14912979529600368,0.82839414584138,-30.752394113738372,-18.087020470399633,0,0,1
4,C,glmm,d2,6.148585389265639e-06,6.914399780804555e-13,0.8610941875454541,7.140382056855254e-06,8.02972602689632e-13,0.9999928596171401,-32.999285961794314,-32.9999999999197,1,1,0
5,C,lpm,d2,0.02187785372196776,0.02094441606548133,0.016748049227051337,0.3672609796943058,0.3515914705842536,0.2811475497214406,3.7260979694305805,2.159147058425359,0,1,1
5,C,glmm,d2,0.40992533905764983,0.43877065651979535,0.2707950319338044,0.3661711697403761,0.39193762677600935,0.24189120348361454,3.61711697403761,6.193762677600933,0,0,1
6,C,lpm,d2,0.007770519396528239,0.020527009417698323,0.021225402671139877,0.1569075004944801,0.41449503900559403,0.42859746049992586,-17.30924995055199,8.449503900559401,0,0,1
6,C,glmm,d2,6.1504513601149e-06,6.914400107228742e-13,0.9608955006202922,6.400708494205563e-06,7.195741728107589e-13,0.9999935992907862,-32.99935992915058,-32.99999999992804,1,1,0
7,C,lpm,d2,0.003246142163006885,0.014948451808785507,0.01747410602742244,0.09100814336037875,0.4190915791468308,0.48990027749279036,-23.899185663962125,8.90915791468308,0,0,1
7,C,glmm,d2,6.150091313335381e-06,6.914400071129171e-13,0.7419091456081142,8.289479067191571e-06,9.319662380870985e-13,0.9999917105200008,-32.99917105209328,-32.999999999906805,1,1,0
8,C,lpm,d2,0.023648346209334502,0.018045206624968557,0.011038795595767575,0.4484599475158028,0.3422037356993241,0.20933631678487316,11.84599475158028,1.2203735699324092,0,1,1
8,C,glmm,d2,0.5431664893216517,0.324935685185085,0.2541056025132962,0.4840159731952699,0.28955037724648064,0.2264336495582494,15.401597319526989,-4.044962275351938,0,1,1
9,C,lpm,d2,0.011185998012352209,0.006056648645378163,0.021176466218598526,0.29115711360540597,0.15764675943649484,0.5511961269580992,-3.8842886394594043,-17.235324056350517,0,1,1
9,C,glmm,d2,6.153347767887691e-06,6.914400563420783e-13,0.7424663384412719,8.287644102551242e-06,9.312669007781836e-13,0.9999917123549662,-32.99917123558975,-32.999999999906876,1,1,0
10,C,lpm,d2,0.012855020342642595,0.020159476636116294,0.025114005458237377,0.22114831457383172,0.3468088079159882,0.43204287751017995,-10.88516854261683,1.680880791598821,0,0,1
10,C,glmm,d2,6.150549241277548e-06,6.914400047990869e-13,1.416856532513515,4.340963534997783e-06,4.880077745460136e-13,0.999995659035977,-32.9995659036465,-32.9999999999512,1,1,0
11,C,lpm,d2,0.01599439812179207,0.020942815165255653,0.01382271356254926,0.3150989198464351,0.4125856057143221,0.27231547443924276,-1.4901080153564894,8.258560571432211,0,0,1
11,C,glmm,d2,0.40684241452387154,0.5879117150180566,0.18746001681105937,0.3441359721324091,0.4972971409889701,0.15856688687862075,1.413597213240908,16.72971409889701,0,0,1
12,C,lpm,d2,0.013618399878021251,0.012211735101724009,0.018711959420831602,0.30574224363021596,0.2741616725944942,0.42009608377528973,-2.425775636978406,-5.583832740550582,0,1,1
12,C,glmm,d2,6.1528432758382926e-06,6.914399654914568e-13,0.9236691884084147,6.661261810341118e-06,7.485746718689657e-13,0.999993338737441,-32.99933387381897,-32.999999999925144,1,1,0
13,C,lpm,d2,0.010942602077387741,0.024447002271195905,0.01502567725041366,0.21704930985856827,0.48491254032154657,0.2980381498198852,-11.295069014143175,15.491254032154655,0,0,1
13,C,glmm,d2,0.21017231115990131,0.4465851383948741,0.22011130136791723,0.23968502804866257,0.509295305511744,0.2510196664395934,-9.031497195133745,17.929530551174395,0,0,1
14,C,lpm,d2,0.017439538693861733,1.0333287353516674e-08,0.03178206225607696,0.35430653810808616,2.0993395145189196e-07,0.6456932519579623,2.430653810808614,-32.99997900660486,1,1,1
14,C,glmm,d2,0.27816728498177745,0.688105998728389,0.23465773049234787,0.23162636462219788,0.5729771240734673,0.19539651130433483,-9.837363537780213,24.297712407346733,0,0,1
15,C,lpm,d2,0.008362522803513666,0.014443594973683438,0.020318532388372765,0.1939151453149686,0.3349266583782054,0.471158196306826,-13.608485468503142,0.4926658378205384,0,0,1
15,C,glmm,d2,0.12100589623397585,0.15546735763074168,0.310672677566906,0.20609168820931817,0.2647848674547901,0.5291234443358918,-12.390831179068185,-6.521513254520994,0,0,1
16,C,lpm,d2,0.016761447626272307,0.029396203512203987,0.016214618853631988,0.2687323650140209,0.4713024476409689,0.25996518734501023,-6.126763498597909,14.130244764096888,0,0,1
16,C,glmm,d2,0.3820550415158028,0.8398179444362521,0.1950175164523955,0.269643307557965,0.5927190160503502,0.13763767639168484,-6.0356692442035005,26.271901605035016,0,0,1
17,C,lpm,d2,0.01089499310683748,0.021427549717571735,0.027643336411322647,0.1816865398405679,0.3573290342886143,0.4609844258708178,-14.831346015943211,2.7329034288614276,0,0,1
17,C,glmm,d2,6.149586716263151e-06,6.914400189259881e-13,1.6856305546522399,3.64822781848304e-06,4.1019516078814916e-13,0.9999963517717713,-32.99963517721815,-32.99999999995899,1,1,0
18,C,lpm,d2,0.024599713170587394,0.01528988785805489,0.020185375020838926,0.4094835285548121,0.25451342411624533,0.3360030473289426,7.948352855481211,-7.548657588375468,0,1,1
18,C,glmm,d2,0.49094140664508346,0.1977109277642395,0.2937807913121052,0.49971992371956253,0.20124619435959556,0.29903388192084196,16.97199237195625,-12.875380564040444,0,1,1
19,C,lpm,d2,0.025907196228314815,0.0030235949687512885,0.020160074768260063,0.5277396460395214,0.06159180347087201,0.4106685504896067,19.773964603952138,-26.8408196529128,0,1,1
19,C,glmm,d2,0.35567800328582877,6.914398896188353e-13,0.3980537283537411,0.4718893849829128,9.173554204944149e-13,0.5281106150161698,14.188938498291275,-32.99999999990826,1,1,0
20,C,lpm,d2,0.02580631763276432,0.0027134624671498126,0.030720760834779856,0.435619209845043,0.04580414736828786,0.5185766427866692,10.561920984504297,-28.419585263171214,0,1,1
20,C,glmm,d2,0.39746170421761956,6.914399611055151e-13,0.6910210589453404,0.36515204252055017,6.352328070826404e-13,0.6348479574788146,3.5152042520550153,-32.99999999993648,1,1,0
21,C,lpm,d2,0.015751510286462406,0.015502726205159138,0.017151586712100667,0.3254052765546435,0.32026572794586916,0.3543289954994874,-0.45947234453564967,-0.9734272054130855,0,1,1
21,C,glmm,d2,0.32021123354656084,0.2495314250036649,0.2750171601404806,0.3790559475743725,0.29538742194250406,0.3255566304831234,4.905594757437248,-3.4612578057495957,0,1,1
22,C,lpm,d2,0.027728848808648402,0.017270911664476134,0.02491145883720978,0.39662945493141333,0.2470406300283642,0.3563299150402223,6.662945493141331,-8.295936997163581,0,1,1
22,C,glmm,d2,0.44660653118310606,6.914400165457368e-13,1.0384093834465336,0.3007419158159534,4.656111828389791e-13,0.699258084183581,-2.925808418404663,-32.99999999995344,1,1,0
23,C,lpm,d2,0.007191941061246209,0.0141435502708513,0.019046263781865493,0.17809877359093332,0.3502460512411164,0.47165517516795036,-15.19012264090667,2.0246051241116394,0,0,1
23,C,glmm,d2,6.150712081909245e-06,6.914400919395632e-13,0.8672387408635028,7.092243657647739e-06,7.972835569925632e-13,0.9999929077555451,-32.999290775634236,-32.99999999992027,1,1,0
24,C,lpm,d2,0.0024568429944485707,0.02427776421377437,0.024802674914236905,0.047671178868353314,0.47107187678401397,0.4812569443476327,-28.23288211316467,14.107187678401395,0,0,1
24,C,glmm,d2,6.147450093809109e-06,6.914400001158975e-13,1.1718610024750074,5.245859220644926e-06,5.900327525689941e-13,0.9999947541401892,-32.99947541407794,-32.999999999941,1,1,0
25,C,lpm,d2,0.01867017209064774,0.015288203159509382,0.027136352874792182,0.3055938321300654,0.25023768218171555,0.4441684856882191,-2.44061678699346,-7.976231781828447,0,1,1
25,C,glmm,d2,0.36559054960506443,6.914400134027876e-13,0.9674893898303746,0.27424503121673477,5.186785825426604e-13,0.7257549687827467,-5.575496878326525,-32.99999999994813,1,1,0
26,C,lpm,d2,0.017672687991448312,0.01235404641848883,0.01582119655930642,0.3854631521606457,0.2694570105415742,0.3450798372977801,5.546315216064568,-6.054298945842579,0,1,1
26,C,glmm,d2,0.35471138540672886,0.2067603925115272,0.21055676041271085,0.45945372197454293,0.2678144424019847,0.27273183562347225,12.945372197454292,-6.21855575980153,0,1,1
27,C,lpm,d2,0.015971080681229703,0.019700874283792535,0.011683068101980294,0.3372626523406451,0.41602501715431134,0.24671233050504368,0.7262652340645104,8.602501715431131,0,0,1
27,C,glmm,d2,0.34279319381691176,0.3676353152279609,0.12616233973336693,0.4097501117990093,0.43944458126078817,0.15080530694020247,7.9750111799009265,10.944458126078816,0,0,1
28,C,lpm,d2,0.008323361140153146,0.019672733327085128,0.018097892349332727,0.1805736868298157,0.4267960895934627,0.3926302235767215,-14.942631317018432,9.67960895934627,0,0,1
28,C,glmm,d2,0.17074451886555936,0.28582683674228143,0.2889992349569193,0.22901187496709413,0.383366565633673,0.38762155939923293,-10.098812503290588,5.336656563367298,0,0,1
29,C,lpm,d2,0.0223558454596481,2.061153622438558e-09,0.02281376394812054,0.4949310993084242,4.563142244109581e-08,0.5050688550601534,16.49310993084242,-32.99999543685776,1,1,1
29,C,glmm,d2,0.3576348657611895,6.914395746683515e-13,0.43986521055623257,0.4484449298266062,8.670087880876193e-13,0.5515550701725268,11.84449298266062,-32.9999999999133,1,1,0
