F,E,M,N,rank,p,kappa,vif,crossing,connected,rank_pass,kappa_pass,vif_pass,overall_pass
5,8,2,10,9,12,6.622057038952393e+18,999999999999999.9,True,False,False,False,False,False
5,8,3,15,11,12,inf,999999999999999.9,True,True,False,False,False,False
5,8,4,20,11,12,1.353397939121193e+17,999999999999999.9,True,False,False,False,False,False
5,8,5,25,12,12,158.67701237089847,3.086315789473685,True,True,True,False,True,False
5,8,6,30,12,12,89.72856689495832,1.8121212121212127,True,True,True,True,True,True
5,9,2,10,10,13,inf,999999999999999.9,True,False,False,False,False,False
5,9,3,15,11,13,1.1882160564996555e+17,999999999999999.9,True,False,False,False,False,False
5,9,4,20,12,13,inf,999999999999999.9,True,True,False,False,False,False
5,9,5,25,13,13,388.6731728437025,5.813588516746412,True,True,True,False,True,False
5,9,6,30,13,13,137.35062998209239,2.2148148148148157,True,True,True,False,True,False
5,10,2,10,10,14,1.337575701148225e+18,999999999999999.9,False,False,False,False,False,False
5,10,3,15,14,14,251.84442744651088,5.7600000000000025,True,True,True,False,True,False
5,10,4,20,14,14,212.27591891302268,3.840000000000002,True,True,True,False,True,False
5,10,5,25,9,14,inf,999999999999999.9,True,True,False,False,False,False
5,10,6,30,14,14,150.6725312773973,2.094545454545456,True,True,True,False,True,False
5,11,2,10,10,15,inf,999999999999999.9,True,False,False,False,False,False
5,11,3,15,12,15,inf,999999999999999.9,True,False,False,False,False,False
5,11,4,20,15,15,250.46237262595346,5.049040511727078,True,True,True,False,True,False
5,11,5,25,13,15,inf,999999999999999.9,True,True,False,False,False,False
5,11,6,30,14,15,inf,999999999999999.9,True,True,False,False,False,False
5,12,2,10,10,16,inf,999999999999999.9,False,False,False,False,False,False
5,12,3,15,13,16,1.455905526847406e+17,999999999999999.9,True,False,False,False,False,False
5,12,4,20,14,16,2.180017145316678e+17,999999999999999.9,True,False,False,False,False,False
5,12,5,25,13,16,inf,999999999999999.9,True,True,False,False,False,False
5,12,6,30,15,16,3.6050908813416595e+17,999999999999999.9,True,False,False,False,False,False
5,13,2,10,10,17,inf,999999999999999.9,False,False,False,False,False,False
5,13,3,15,15,17,inf,999999999999999.9,True,True,False,False,False,False
5,13,4,20,14,17,inf,999999999999999.9,True,False,False,False,False,False
5,13,5,25,13,17,inf,999999999999999.9,True,True,False,False,False,False
5,13,6,30,17,17,220.35825786771133,3.0753823088455774,True,True,True,False,True,False
5,14,2,10,10,18,inf,999999999999999.9,False,False,False,False,False,False
5,14,3,15,13,18,inf,999999999999999.9,True,False,False,False,False,False
5,14,4,20,16,18,inf,999999999999999.9,True,True,False,False,False,False
5,14,5,25,13,18,inf,999999999999999.9,True,True,False,False,False,False
5,14,6,30,18,18,362.19498229588356,3.9392097264437713,True,True,True,False,True,False
6,8,2,12,9,13,inf,999999999999999.9,True,False,False,False,False,False
6,8,3,18,13,13,164.22594521909554,4.666666666666666,True,True,True,False,True,False
6,8,4,24,12,13,1.1327290245633827e+17,999999999999999.9,True,False,False,False,False,False
6,8,5,30,13,13,93.03635793680925,2.0576651713316907,True,True,True,True,True,True
6,8,6,36,13,13,107.56655853198752,2.166666666666667,True,True,True,False,True,False
6,9,2,12,12,14,3.167229480894986e+17,999999999999999.9,True,False,False,False,False,False
6,9,3,18,10,14,inf,999999999999999.9,True,False,False,False,False,False
6,9,4,24,14,14,136.36436555341362,2.9870129870129873,True,True,True,False,True,False
6,9,5,30,14,14,143.39837771926298,2.4572751322751327,True,True,True,False,True,False
6,9,6,36,14,14,178.88421094006432,2.7777777777777786,True,True,True,False,True,False
6,10,2,12,9,15,inf,999999999999999.9,True,False,False,False,False,False
6,10,3,18,14,15,8.897199594864869e+16,999999999999999.9,True,False,False,False,False,False
6,10,4,24,13,15,inf,999999999999999.9,True,True,False,False,False,False
6,10,5,30,14,15,1.98606582984489e+17,999999999999999.9,True,False,False,False,False,False
6,10,6,36,15,15,293.740493137231,3.8333333333333326,True,True,True,False,True,False
6,11,2,12,12,16,1.1252368958497615e+18,999999999999999.9,True,False,False,False,False,False
6,11,3,18,14,16,1.1503358969489306e+17,999999999999999.9,True,False,False,False,False,False
6,11,4,24,16,16,195.54146715869896,4.280630290288319,True,True,True,False,True,False
6,11,5,30,15,16,inf,999999999999999.9,True,True,False,False,False,False
6,11,6,36,16,16,624.3769418445612,6.887202331848432,True,True,True,False,True,False
6,12,2,12,9,17,inf,999999999999999.9,True,False,False,False,False,False
6,12,3,18,10,17,inf,999999999999999.9,True,False,False,False,False,False
6,12,4,24,15,17,2.1218776709354208e+17,999999999999999.9,True,False,False,False,False,False
6,12,5,30,17,17,203.8420171025228,3.15934065934066,True,True,True,False,True,False
6,12,6,36,11,17,inf,999999999999999.9,True,True,False,False,False,False
6,13,2,12,12,18,inf,999999999999999.9,True,False,False,False,False,False
6,13,3,18,14,18,inf,999999999999999.9,True,False,False,False,False,False
6,13,4,24,18,18,337.2441445810456,6.035790112223235,True,True,True,False,True,False
6,13,5,30,18,18,231.96362598724784,3.7204923124708804,True,True,True,False,True,False
6,13,6,36,16,18,inf,999999999999999.9,True,True,False,False,False,False
6,14,2,12,9,19,inf,999999999999999.9,True,False,False,False,False,False
6,14,3,18,14,19,inf,999999999999999.9,True,False,False,False,False,False
6,14,4,24,14,19,inf,999999999999999.9,True,False,False,False,False,False
6,14,5,30,19,19,380.9795567455276,4.543650793650794,True,True,True,False,True,False
6,14,6,36,15,19,inf,999999999999999.9,True,True,False,False,False,False
7,8,2,14,11,14,5.570137818850642e+17,999999999999999.9,True,False,False,False,False,False
7,8,3,21,14,14,146.89174918964952,3.6711176147795848,True,True,True,False,True,False
7,8,4,28,13,14,2.5356664962992925e+17,999999999999999.9,True,False,False,False,False,False
7,8,5,35,14,14,107.209455317317,2.212254414154978,True,True,True,False,True,False
7,8,6,42,14,14,98.04953536998585,1.9813186813186814,True,True,True,True,True,True
7,9,2,14,14,15,inf,999999999999999.9,True,True,False,False,False,False
7,9,3,21,13,15,7.542620632504211e+16,999999999999999.9,True,False,False,False,False,False
7,9,4,28,15,15,120.73575137416178,2.8919745822546488,True,True,True,False,True,False
7,9,5,35,15,15,165.90369893139678,2.7975281186613157,True,True,True,False,True,False
7,9,6,42,15,15,110.71756782494293,1.9821428571428574,True,True,True,False,True,False
7,10,2,14,12,16,4.0668520783727104e+17,999999999999999.9,True,False,False,False,False,False
7,10,3,21,15,16,inf,999999999999999.9,True,True,False,False,False,False
7,10,4,28,16,16,208.9376965011445,3.8035714285714284,True,True,True,False,True,False
7,10,5,35,15,16,7.620086382285304e+16,999999999999999.9,True,False,False,False,False,False
7,10,6,42,16,16,124.96884012791926,2.127327731092438,True,True,True,False,True,False
7,11,2,14,14,17,inf,999999999999999.9,True,False,False,False,False,False
7,11,3,21,17,17,440.59051568224794,6.798243347972101,True,True,True,False,True,False
7,11,4,28,16,17,inf,999999999999999.9,True,True,False,False,False,False
7,11,5,35,17,17,160.10069529671966,2.7804937377324377,True,True,True,False,True,False
7,11,6,42,17,17,232.06636740722857,2.810123383657489,True,True,True,False,True,False
7,12,2,14,13,18,7.36912250930842e+17,999999999999999.9,True,False,False,False,False,False
7,12,3,21,15,18,7.705148499691656e+17,999999999999999.9,True,False,False,False,False,False
7,12,4,28,16,18,2.88656181246261e+17,999999999999999.9,True,False,False,False,False,False
7,12,5,35,17,18,inf,999999999999999.9,True,True,False,False,False,False
7,12,6,42,17,18,2.6167585937021933e+17,999999999999999.9,True,False,False,False,False,False
7,13,2,14,14,19,inf,999999999999999.9,True,False,False,False,False,False
7,13,3,21,16,19,inf,999999999999999.9,True,False,False,False,False,False
7,13,4,28,19,19,408.9499813198715,5.241963005938158,True,True,True,False,True,False
7,13,5,35,19,19,274.47493887775283,3.4979859904611206,True,True,True,False,True,False
7,13,6,42,18,19,inf,999999999999999.9,True,True,False,False,False,False
7,14,2,14,14,20,2.519570415884032e+18,999999999999999.9,False,False,False,False,False,False
7,14,3,21,20,20,672.475756492498,8.816326530612244,True,True,True,False,True,False
7,14,4,28,20,20,520.2573269936156,5.877551020408165,True,True,True,False,True,False
7,14,5,35,20,20,295.4268800729325,3.611577435731479,True,True,True,False,True,False
7,14,6,42,20,20,307.4593819968605,2.956694873071181,True,True,True,False,True,False
