analysis,term,estimate,se,ci_low,ci_high,p,models,pairs,max_abs_diff_vs_committed
primary,same_root,0.13292895500991286,0.007869634845501098,0.11750447071273071,0.14835343930709502,5.207492201521202e-64,590,173755,9.8879238130678e-17
primary,gap0,0.003856474655797193,0.003447519893665928,-0.0029006643357880257,0.010613613647382412,0.26330105535790693,590,173755,9.8879238130678e-17
primary,gap1_2,-0.00016915880538714845,0.003042951579224944,-0.006133343900668039,0.005795026289893742,0.9556681359539091,590,173755,9.8879238130678e-17
primary,gap3_5,-0.0008623779934671116,0.0032296108876460647,-0.007192415333253399,0.005467659346319175,0.7894520232736918,590,173755,9.8879238130678e-17
primary,gap6_11,-0.0009253523990073731,0.002730314870148669,-0.006276769544498764,0.004426064746484018,0.7346716299470121,590,173755,9.8879238130678e-17
primary_strict,same_root,0.1335702524180271,0.007940618150824662,0.11800664084241078,0.14913386399364345,1.7083844388422265e-63,554,153181,9.71445146547012e-17
primary_strict,gap0,0.0033992086770913144,0.003367125927241242,-0.00320035814030152,0.00999877549448415,0.3127213699950492,554,153181,9.71445146547012e-17
primary_strict,gap1_2,-0.00010673124655546928,0.0030241135368367783,-0.0060339937787555545,0.005820531285644616,0.9718457866566049,554,153181,9.71445146547012e-17
primary_strict,gap3_5,-0.0008960473322279228,0.003175647205949554,-0.007120315855889048,0.005328221191433203,0.7778192063300928,554,153181,9.71445146547012e-17
primary_strict,gap6_11,-0.0009189012764865279,0.0026931473862686506,-0.006197470153573083,0.004359667600600027,0.7329531942636192,554,153181,9.71445146547012e-17
primary_S1position,same_root,0.13278651060770907,0.007666952531597933,0.11775928364577712,0.14781373756964103,3.3622730827831354e-67,590,173755,9.454242944073599e-17
primary_S1position,gap0,0.009983410403590964,0.004842935739480393,0.0004912563542093934,0.019475564452972535,0.03926129949548732,590,173755,9.454242944073599e-17
primary_S1position,gap1_2,0.004864283160030958,0.004392785288130595,-0.0037455760047050077,0.013474142324766923,0.2681492882571037,590,173755,9.454242944073599e-17
primary_S1position,gap3_5,0.006674885974901956,0.004737757050476611,-0.0026111178440322014,0.015960889793836114,0.15887347452708722,590,173755,9.454242944073599e-17
primary_S1position,gap6_11,0.004942057325094229,0.003976070402831924,-0.0028510406644563415,0.0127351553146448,0.21388620174568695,590,173755,9.454242944073599e-17
primary_S2acc0.3,same_root,0.11976404666509133,0.007658580314813845,0.10475322924805619,0.13477486408212647,4.018147818736233e-55,343,58653,9.020562075079397e-17
primary_S2acc0.3,gap0,-0.0145062180272717,0.00628216089768123,-0.02681925338672691,-0.0021931826678164897,0.020937323656633446,343,58653,9.020562075079397e-17
primary_S2acc0.3,gap1_2,-0.01826927226810149,0.006162107364254014,-0.030347002702039355,-0.006191541834163622,0.00302902717511799,343,58653,9.020562075079397e-17
primary_S2acc0.3,gap3_5,-0.02160371778235337,0.006307092859898933,-0.03396561978775528,-0.009241815776951464,0.0006141092086633569,343,58653,9.020562075079397e-17
primary_S2acc0.3,gap6_11,-0.01976483195592138,0.006205367826749679,-0.03192735289635075,-0.007602311015492009,0.0014469473753515626,343,58653,9.020562075079397e-17
primary_S1position_S2acc0.3,same_root,0.11656508208688865,0.007469359267691851,0.10192513792221262,0.1312050262515647,6.650539810377867e-55,343,58653,9.367506770274758e-17
primary_S1position_S2acc0.3,gap0,-0.012353322818556833,0.010178784459045504,-0.03230374035828602,0.007597094721172357,0.2248873704854848,343,58653,9.367506770274758e-17
primary_S1position_S2acc0.3,gap1_2,-0.015523503402645744,0.010097684814327285,-0.03531496563872723,0.004267958833435736,0.12421180091923556,343,58653,9.367506770274758e-17
primary_S1position_S2acc0.3,gap3_5,-0.019859752367809236,0.010088010816519175,-0.03963225356818682,-8.725116743165187e-05,0.04899341201219357,343,58653,9.367506770274758e-17
primary_S1position_S2acc0.3,gap6_11,-0.020310188154640585,0.009587791896004293,-0.039102260270809,-0.0015181160384721698,0.034146415111296353,343,58653,9.367506770274758e-17
primary_strict_S1position_S2acc0.3,same_root,0.1175713656358186,0.007564381676900706,0.10274517754909322,0.132397553722544,1.78144333020686e-54,319,50721,9.71445146547012e-17
primary_strict_S1position_S2acc0.3,gap0,-0.013837872214834235,0.010086517405471186,-0.033607446329557755,0.005931701899889289,0.17008904558837412,319,50721,9.71445146547012e-17
primary_strict_S1position_S2acc0.3,gap1_2,-0.016552049923376444,0.010022897484512289,-0.03619692899302053,0.003092829146267642,0.09865209946114226,319,50721,9.71445146547012e-17
primary_strict_S1position_S2acc0.3,gap3_5,-0.019933364331622627,0.009980613062350636,-0.03949536593382987,-0.00037136272941538234,0.04580254800279841,319,50721,9.71445146547012e-17
primary_strict_S1position_S2acc0.3,gap6_11,-0.020311877339644013,0.0095210215735427,-0.03897307962378771,-0.0016506750555003204,0.03289425219906858,319,50721,9.71445146547012e-17
expanded,same_root,0.1274456946332485,0.006474684684440153,0.11475531265174581,0.1401360766147512,2.975225809354488e-86,928,430128,9.86623976961809e-17
expanded,gap0,0.005908971663191043,0.0031545144902845033,-0.0002738767377665832,0.012091820064148669,0.06104361145546486,928,430128,9.86623976961809e-17
expanded,gap1_2,0.002306452574018625,0.002962156570536624,-0.003499374304233158,0.008112279452270409,0.4361920118600613,928,430128,9.86623976961809e-17
expanded,gap3_5,0.0005157924632070987,0.002947883619331696,-0.005262059430683025,0.006293644357097223,0.8611028689036678,928,430128,9.86623976961809e-17
expanded,gap6_11,0.001532884959517311,0.0026702619867759007,-0.003700828534563454,0.006766598453598076,0.5659286284422884,928,430128,9.86623976961809e-17
expanded_strict,same_root,0.13105305987835547,0.006651178540453515,0.11801674993906658,0.14408936981764436,2.002850003146855e-86,789,310866,9.8879238130678e-17
expanded_strict,gap0,0.0046574994255697,0.003191999254914481,-0.0015988191140626825,0.010913817965202082,0.14453299001339348,789,310866,9.8879238130678e-17
expanded_strict,gap1_2,0.0026318639319802273,0.0030382794108225987,-0.003323163713232066,0.00858689157719252,0.38636130939028357,789,310866,9.8879238130678e-17
expanded_strict,gap3_5,0.00077354544456254,0.003078402456842372,-0.005260123370848509,0.006807214259973589,0.8015965130161348,789,310866,9.8879238130678e-17
expanded_strict,gap6_11,0.002549655108155413,0.002727994726790119,-0.0027972145563532206,0.007896524772664046,0.34998101669212656,789,310866,9.8879238130678e-17
expanded_S1position,same_root,0.12629140316647458,0.00606395192022905,0.11440605740282564,0.13817674893012352,2.485707732661171e-96,928,430128,8.500145032286355e-17
expanded_S1position,gap0,0.013554983747437355,0.004466212125435083,0.004801207981584591,0.022308759513290116,0.0024053033938160654,928,430128,8.500145032286355e-17
expanded_S1position,gap1_2,0.009131993728857424,0.0042362468734398456,0.0008289498569153259,0.01743503760079952,0.031108641212849807,928,430128,8.500145032286355e-17
expanded_S1position,gap3_5,0.007820921130627045,0.004278799528917565,-0.0005655259460513821,0.01620736820730547,0.0675749644719593,928,430128,8.500145032286355e-17
expanded_S1position,gap6_11,0.00643227671224933,0.0036995885694655005,-0.0008189168839030517,0.01368347030840171,0.0820969621891772,928,430128,8.500145032286355e-17
expanded_S2acc0.3,same_root,0.12196399479501241,0.005667018661934956,0.1108566382176199,0.13307135137240492,9.747635363024106e-103,589,173166,8.326672684688674e-17
expanded_S2acc0.3,gap0,-0.008893965868370657,0.004925827729016932,-0.018548588217243842,0.0007606564805025286,0.07098429153044068,589,173166,8.326672684688674e-17
expanded_S2acc0.3,gap1_2,-0.013231234387870217,0.004789720721053432,-0.022619087001134942,-0.003843381774605489,0.005737410387470175,589,173166,8.326672684688674e-17
expanded_S2acc0.3,gap3_5,-0.01711751346832102,0.004886010002829457,-0.026694093073866755,-0.007540933862775287,0.0004594063903818466,589,173166,8.326672684688674e-17
expanded_S2acc0.3,gap6_11,-0.01832722576494561,0.0047353295921557835,-0.027608471765570942,-0.009045979764320275,0.0001086940042445664,589,173166,8.326672684688674e-17
expanded_S1position_S2acc0.3,same_root,0.11996891873380733,0.005250664263382657,0.10967761677757731,0.13026022069003734,1.518281427846616e-115,589,173166,9.107298248878237e-17
expanded_S1position_S2acc0.3,gap0,-0.0029646887630221386,0.007266727937274291,-0.01720747552007975,0.011278097994035471,0.6832874389301431,589,173166,9.107298248878237e-17
expanded_S1position_S2acc0.3,gap1_2,-0.00698239330052175,0.007197830074492274,-0.021090140246526605,0.007125353645483107,0.33201199751696486,589,173166,9.107298248878237e-17
expanded_S1position_S2acc0.3,gap3_5,-0.010933554823068903,0.007120447661804865,-0.024889632240206436,0.003022522594068631,0.1246573536357053,589,173166,9.107298248878237e-17
expanded_S1position_S2acc0.3,gap6_11,-0.012975291574580439,0.006829428458584982,-0.026360971353407002,0.00041038820424612633,0.057445082321850686,589,173166,9.107298248878237e-17
expanded_strict_S1position_S2acc0.3,same_root,0.12518576079118238,0.005437825644180034,0.11452762252858951,0.13584389905377525,2.853287454287196e-117,481,115440,9.194034422677078e-17
expanded_strict_S1position_S2acc0.3,gap0,-0.010967689883482734,0.007743164550734966,-0.026144292402923267,0.004208912635957799,0.15664815975340451,481,115440,9.194034422677078e-17
expanded_strict_S1position_S2acc0.3,gap1_2,-0.012825507025159055,0.007728633596058989,-0.027973628873434672,0.0023226148231165634,0.09701926004464168,481,115440,9.194034422677078e-17
expanded_strict_S1position_S2acc0.3,gap3_5,-0.017309518045351524,0.00765102331354179,-0.032305523739893434,-0.002313512350809616,0.023673968432500622,481,115440,9.194034422677078e-17
expanded_strict_S1position_S2acc0.3,gap6_11,-0.015429850856541805,0.007402646971641502,-0.02993903892095915,-0.0009206627921244607,0.03712657866491166,481,115440,9.194034422677078e-17
