population,model,term,estimate,se,se_jackknife,ci_low,ci_high
primary,raw (no accuracy terms),same_root,0.2830608973706915,0.01104945869628754,0.01617455403390622,0.25135877146423535,0.31476302327714767
primary,raw (no accuracy terms),gap0,0.08661877663905915,0.007704437332608395,0.018153913000860212,0.051037107157373134,0.12220044612074515
primary,raw (no accuracy terms),gap1_2,0.08537076097197605,0.007446008566074434,0.01926181512290196,0.0476176033310882,0.1231239186128639
primary,raw (no accuracy terms),gap3_5,0.06531878073100628,0.006744441946161035,0.017400817721329585,0.03121317799720029,0.09942438346481226
primary,raw (no accuracy terms),gap6_11,0.028840713353294856,0.005371094606506214,0.008831288475143943,0.011531387942012729,0.04615003876457698
primary,adjusted (pre-registered),same_root,0.13292895500986335,0.007869634845501409,0.01281131496618023,0.1078187776761501,0.1580391323435766
primary,adjusted (pre-registered),gap0,0.0038564746557541163,0.003447519893666822,0.004416136240985526,-0.004799152376577515,0.012512101688085748
primary,adjusted (pre-registered),gap1_2,-0.00016915880543288964,0.003042951579225453,0.003732277036957851,-0.0074844217978702774,0.007146104187004498
primary,adjusted (pre-registered),gap3_5,-0.0008623779934966436,0.0032296108876465994,0.004223766077924249,-0.009140959506228171,0.007416203519234884
primary,adjusted (pre-registered),gap6_11,-0.0009253523990184753,0.002730314870148934,0.0033929238122056018,-0.007575483070941455,0.005724778272904504
expanded,raw (no accuracy terms),same_root,0.24029067199647342,0.010511364363169467,0.017828766100033373,0.205346290440408,0.27523505355253886
expanded,raw (no accuracy terms),gap0,0.09238547006557996,0.006191426114794215,0.01382114588285893,0.06529602413517646,0.11947491599598345
expanded,raw (no accuracy terms),gap1_2,0.08725716225358804,0.006004870204686598,0.013864430320318012,0.060082878825764734,0.11443144568141134
expanded,raw (no accuracy terms),gap3_5,0.07834044955600605,0.005719573863871183,0.014424206639427324,0.0500690045427285,0.1066118945692836
expanded,raw (no accuracy terms),gap6_11,0.054851846996436304,0.004720032073417785,0.012389443553625635,0.03056853763133006,0.07913515636154254
expanded,adjusted (pre-registered),same_root,0.12744569463323052,0.006474684684439442,0.00901383046446401,0.10977858692288106,0.14511280234357998
expanded,adjusted (pre-registered),gap0,0.0059089716631253175,0.0031545144902845076,0.004208588134782655,-0.0023398610810486855,0.01415780440729932
expanded,adjusted (pre-registered),gap1_2,0.0023064525739613373,0.002962156570536636,0.003745566370520258,-0.005034857512258368,0.009647762660181042
expanded,adjusted (pre-registered),gap3_5,0.0005157924631373767,0.002947883619331848,0.003856379363267819,-0.007042711088867549,0.008074296015142302
expanded,adjusted (pre-registered),gap6_11,0.0015328849594489213,0.0026702619867759684,0.003906593435778081,-0.006124038174676117,0.00918980809357396
