population,outcome,term,estimate,se,ci_low,ci_high,p,se_jackknife,p_jackknife,outcome_mean,models
primary,pre-registered: same-wrong agreement,same_root,0.13292895500991286,0.007869634845501098,0.11750447071273071,0.14835343930709502,5.207492201521202e-64,0.012811314966190859,3.1918204118859496e-25,0.4232967793941498,590
primary,pre-registered: same-wrong agreement,gap0,0.003856474655797193,0.003447519893665928,-0.0029006643357880257,0.010613613647382412,0.26330105535790693,0.004416136240986759,0.38251650082297173,0.4232967793941498,590
primary,N1a: minus item distractor null (all models),same_root,0.1331389058896958,0.007917895797478843,0.11761983012663726,0.14865798165275432,1.8969942378388099e-63,0.013150614963571665,4.3167729595812386e-24,0.002195302381376489,590
primary,N1a: minus item distractor null (all models),gap0,0.004012081042488683,0.0035261860566097904,-0.0028992436284665055,0.010923405713443872,0.25520559839897206,0.004450406659257962,0.36731782415482905,0.002195302381376489,590
primary,N1b: minus item distractor null (roots weighted equally),same_root,0.13321689357490255,0.007911178270608086,0.1177109841645107,0.1487228029852944,1.2620197317136522e-63,0.012954295752388472,8.354083626085611e-25,0.018728612769832495,590
primary,N1b: minus item distractor null (roots weighted equally),gap0,0.003772787924423815,0.0034793312918809955,-0.003046701407662936,0.010592277256510567,0.2782128237173589,0.0044126772042217795,0.3925575568183842,0.018728612769832495,590
primary,N2: excess co-failure over Rasch null (per item),same_root,0.04006375887979835,0.002435491218549693,0.035290196091440955,0.044837321668155745,8.390899648543843e-61,0.004031195494216676,2.832528416895413e-23,-0.00030393408680121303,590
primary,N2: excess co-failure over Rasch null (per item),gap0,0.0036188198487669887,0.000923558264819131,0.0018086456497214919,0.005428994047812485,8.915905768716249e-05,0.0012099198687176593,0.002781034860630804,-0.00030393408680121303,590
primary_S2,pre-registered: same-wrong agreement,same_root,0.11976404666509133,0.007658580314813845,0.10475322924805619,0.13477486408212647,4.018147818736233e-55,0.011217208396545657,1.306799633374441e-26,0.5510607957839966,343
primary_S2,pre-registered: same-wrong agreement,gap0,-0.0145062180272717,0.00628216089768123,-0.02681925338672691,-0.0021931826678164897,0.020937323656633446,0.008061164431389801,0.07193663153709952,0.5510607957839966,343
primary_S2,N1a: minus item distractor null (all models),same_root,0.11874129488231441,0.007619997206829937,0.10380610035692774,0.13367648940770108,9.520907460260575e-55,0.011658967224168289,2.324409123649355e-24,-9.500406006828707e-05,343
primary_S2,N1a: minus item distractor null (all models),gap0,-0.013792080901635195,0.006878507185448341,-0.027273954985113945,-0.00031020681815644574,0.044952572798726116,0.008784264733583846,0.11639431541685535,-9.500406006828707e-05,343
primary_S2,N1b: minus item distractor null (roots weighted equally),same_root,0.12026815446695747,0.007677153261170005,0.10522093407506426,0.13531537485885067,2.5946330262955656e-55,0.011851101006556767,3.37294652906009e-24,0.022647321270958996,343
primary_S2,N1b: minus item distractor null (roots weighted equally),gap0,-0.014260010329519457,0.006890275609850026,-0.027764950524825506,-0.0007550701342134061,0.03849123371188724,0.008781550588797532,0.10440565249988976,0.022647321270958996,343
primary_S2,N2: excess co-failure over Rasch null (per item),same_root,0.03521998158820284,0.002305639537619777,0.030700928094468075,0.0397390350819376,1.112336494169287e-52,0.0036648814214536194,7.24584657282177e-22,-0.00041536434428624794,343
primary_S2,N2: excess co-failure over Rasch null (per item),gap0,0.0008157722682848728,0.0011048408078078303,-0.0013497157150184746,0.00298126025158822,0.4602946098971967,0.0014037431964748,0.5611456471112155,-0.00041536434428624794,343
expanded,pre-registered: same-wrong agreement,same_root,0.1274456946332485,0.006474684684440153,0.11475531265174581,0.1401360766147512,2.975225809354488e-86,0.009013830464467154,2.1865958486673917e-45,0.43386080861091614,928
expanded,pre-registered: same-wrong agreement,gap0,0.005908971663191043,0.0031545144902845033,-0.0002738767377665832,0.012091820064148669,0.06104361145546486,0.004208588134783833,0.16031078912765795,0.43386080861091614,928
expanded,N1a: minus item distractor null (all models),same_root,0.12832773487279983,0.006498544891280004,0.11559058688589102,0.14106488285970864,8.487595191610033e-87,0.009103600611655813,3.9980511715211434e-45,0.0035507231991406176,928
expanded,N1a: minus item distractor null (all models),gap0,0.006087094308693357,0.0032878637443321374,-0.00035711863019763194,0.012531307247584346,0.06411450508339972,0.004335399147310119,0.16030553140815673,0.0035507231991406176,928
expanded,N1b: minus item distractor null (roots weighted equally),same_root,0.1282722141664895,0.0065061292395605305,0.11552020085695087,0.14102422747602816,1.584393859494594e-86,0.009149620126289242,1.1860777470318203e-44,0.02441326124010035,928
expanded,N1b: minus item distractor null (roots weighted equally),gap0,0.00616246182496169,0.003258697449297976,-0.00022458517566234255,0.012549508825585722,0.05861349169486972,0.004326980622076752,0.15439018853050895,0.02441326124010035,928
expanded,N2: excess co-failure over Rasch null (per item),same_root,0.03834557555091129,0.0020599287098185233,0.034308115279666984,0.04238303582215559,2.4285431640692804e-77,0.0033570354028487934,3.229907572985937e-30,-0.00019183625659697216,928
expanded,N2: excess co-failure over Rasch null (per item),gap0,0.0035836065075227005,0.000824907640142885,0.001966787532842646,0.005200425482202755,1.3975114147874296e-05,0.0012104504360715338,0.003070841186871708,-0.00019183625659697216,928
expanded_S2,pre-registered: same-wrong agreement,same_root,0.12196399479501241,0.005667018661934956,0.1108566382176199,0.13307135137240492,9.747635363024106e-103,0.008491451972622358,8.81292470965346e-47,0.5465171337127686,589
expanded_S2,pre-registered: same-wrong agreement,gap0,-0.008893965868370657,0.004925827729016932,-0.018548588217243842,0.0007606564805025286,0.07098429153044068,0.0065965581986134275,0.17757037081277782,0.5465171337127686,589
expanded_S2,N1a: minus item distractor null (all models),same_root,0.12233226992811123,0.005665058278975512,0.11122875570131924,0.13343578415490323,2.0374134312401855e-103,0.008826962952597751,1.1233486683859779e-43,-0.000340958600946316,589
expanded_S2,N1a: minus item distractor null (all models),gap0,-0.008768989908743169,0.005399886722947698,-0.019352767885720656,0.0018147880682343187,0.10439265179364432,0.007054492503098568,0.2138544755530315,-0.000340958600946316,589
expanded_S2,N1b: minus item distractor null (roots weighted equally),same_root,0.12338742342398246,0.005693153895334312,0.1122288417891272,0.1345460050588377,3.693435119598822e-104,0.00887320911571123,5.85619132304451e-44,0.01923129121668683,589
expanded_S2,N1b: minus item distractor null (roots weighted equally),gap0,-0.00884177128177649,0.005414807142103143,-0.01945479328029865,0.0017712507167456717,0.10249264464945818,0.00714819566610775,0.21611548055911756,0.01923129121668683,589
expanded_S2,N2: excess co-failure over Rasch null (per item),same_root,0.036915450438404517,0.0018054286246547593,0.033376810334081186,0.04045409054272785,6.399317729132013e-93,0.00320425863355811,1.0370895903972153e-30,-0.00024683303380705016,589
expanded_S2,N2: excess co-failure over Rasch null (per item),gap0,0.0015921574526083782,0.0011648860533821923,-0.0006910192120207189,0.003875334117237475,0.17169037272037446,0.00225667451034389,0.48047884680665554,-0.00024683303380705016,589
