subject,items,pairs,same_root,same_root_se,gap0,gap0_se
abstract_algebra,100,173755,0.15612895560533224,0.012101664567227102,0.0013743498474716453,0.007973693544996578
anatomy,135,173755,0.1399807625799323,0.01102814138771967,0.0035776901318904653,0.0043668392385426144
astronomy,152,168894,0.09043282725328217,0.010556795223347792,0.016897922308144464,0.005347496166246687
business_ethics,100,172934,0.10990569048844545,0.010689370727558337,0.012214268386945948,0.00771115742076787
clinical_knowledge,265,173755,0.16312873093292923,0.010236169213119026,0.013721784137188608,0.005211881701245932
college_biology,144,166908,0.14760429050710067,0.009389627773250567,0.005935591864558498,0.00751071267946479
college_chemistry,100,173755,0.15001794647043054,0.010372056685945834,-0.004823486192778725,0.005171067699155631
college_computer_science,100,173750,0.12525636071298019,0.010590978223642416,-0.0076199267716439145,0.007640626969381809
college_mathematics,100,173755,0.12202232233924315,0.011142239658003544,-0.01871795693904099,0.00589625449308695
college_medicine,173,173754,0.13568017714797653,0.009683452793058326,0.008363712120721845,0.004583137112551825
college_physics,102,173755,0.1335637148698101,0.01317754870463316,0.0028482161029277364,0.009700508126302262
computer_security,100,172030,0.12453408875575267,0.011482435709315527,0.022052178800368916,0.010828850089414048
conceptual_physics,235,173755,0.12206825130866461,0.009444925484539955,0.014389602752979291,0.007013686153719755
econometrics,114,173755,0.10292472517612006,0.009121943346683809,0.001171510035795631,0.006189554529126451
electrical_engineering,145,173747,0.1587116262733017,0.010758416579267047,0.008810284120518874,0.005891009258679469
elementary_mathematics,378,173755,0.14226501240932232,0.009886722142517212,-0.008496554221355312,0.004847226713751613
formal_logic,126,173755,0.09817574584084943,0.010028048595275231,-0.00025887517753941935,0.006125816013684292
global_facts,100,173755,0.13115330495516764,0.013706840109187447,0.0014381231203248745,0.0055324357069497735
high_school_biology,310,173744,0.115981938096829,0.009959450898053612,0.007819601407498267,0.005615781020808558
high_school_chemistry,203,173755,0.1492974850957709,0.01095450942058323,0.0038165148846960317,0.004334398505373217
high_school_computer_science,100,167588,0.1324620207002576,0.011103084034881083,-0.007042440903340053,0.0074304648095526084
high_school_european_history,165,173618,0.10919241722014528,0.009664947275849886,0.01143522655515361,0.005746875241784272
high_school_geography,198,168499,0.14600572183753813,0.009415945459732008,0.020191043285833654,0.0068949185652894904
high_school_government_and_politics,193,143463,0.11544491187785444,0.009510822284868133,-0.0022768592897419726,0.005386286290771595
high_school_macroeconomics,390,173755,0.14371912214412008,0.009645709031878533,0.012363845999199485,0.006325976277513171
high_school_mathematics,270,173755,0.13569527172500084,0.011932007412675241,-0.005133426024862775,0.007053364734433379
high_school_microeconomics,238,173737,0.15030623706920898,0.01126176158677554,0.015436701347208093,0.00899409091616923
high_school_physics,151,173755,0.1332772332300578,0.011157501170228607,-0.0020942315172027826,0.0039425435219625025
high_school_psychology,545,173746,0.09861701754917296,0.007584150086937834,0.007695623057240031,0.0052210944019266264
high_school_statistics,216,173755,0.13293314013739588,0.010711577203623654,0.0027357903501237235,0.003906100106099923
high_school_us_history,204,170093,0.10430045606241567,0.009886212298287083,-0.0015025339309076013,0.0073988439339853565
high_school_world_history,237,172919,0.08190680152609064,0.0074856318009034785,0.013666673304627786,0.009401142291367117
human_aging,223,173753,0.12448918196687941,0.009542539329910742,0.012361513162858495,0.006977266943679621
human_sexuality,131,168059,0.07738199374951371,0.00892851959681817,0.017758084140336194,0.006561088476640949
international_law,121,160223,0.0887267221445025,0.00952258109112563,-0.0006151019064495333,0.008323177910239959
jurisprudence,108,167097,0.1270393030042467,0.009732969941706814,0.0016990647435142225,0.008290867096365178
logical_fallacies,163,173206,0.12013054182884719,0.009495866402565285,0.009296201742386767,0.009261649568554567
machine_learning,112,173755,0.15242131394766045,0.013452977510485182,0.009941955705348171,0.00895639935081592
management,103,152697,0.07034344225652478,0.009997834003105078,0.017118963420079458,0.0071324138444421184
marketing,234,162023,0.09464348648687015,0.010709908258383858,0.011209018600577991,0.006721350363874314
medical_genetics,100,162792,0.1473294820268225,0.013152441655038318,0.0022214113233069988,0.006302881780678713
miscellaneous,783,173755,0.1471122597790937,0.010656184121725937,0.008182021071528212,0.006037160700307967
moral_disputes,346,173755,0.07626656898063722,0.007564756148466481,0.024236033120954126,0.009121365633149556
moral_scenarios,895,173755,0.1801793478797551,0.014289628383317252,-0.010416566873707511,0.010326802654884098
nutrition,306,173755,0.10948314612267529,0.008483471824052187,0.00419492966316759,0.006153977893572843
philosophy,311,173755,0.11759444048681766,0.00923879926692956,0.0012140582553124002,0.005921098367043737
prehistory,324,173737,0.10378178530040505,0.007856380139936383,0.022455558619478344,0.006203986374733035
professional_accounting,282,173755,0.15292422002978068,0.009698482822778354,-0.001707951066764135,0.004327282752198491
professional_law,1534,173755,0.12191746995721475,0.007960481226605674,0.0003508379391665706,0.005085593948041676
professional_medicine,272,173743,0.14404172138151905,0.009628951158003116,0.002762738974661172,0.006473043862721445
professional_psychology,612,173755,0.1215970791160852,0.008390684626498241,0.003972897969564793,0.00424167938285915
public_relations,110,173703,0.11563502571819972,0.010006057099047063,0.008145816790361193,0.007754568706479244
security_studies,245,173755,0.11427302929917071,0.008359437501668747,0.005538605989781509,0.007305042985059538
sociology,201,170418,0.08781200076459417,0.008299342759847174,0.001001054310914018,0.007867446492561707
us_foreign_policy,100,113124,0.08681783231317874,0.014161803100470981,0.012233097761552791,0.011103194740215278
virology,166,173755,0.09517210142599364,0.008705597308348613,0.024366552894568905,0.011451270779405108
world_religions,171,172639,0.10594883722257586,0.009400566270411265,0.02909386204165587,0.00940708198049029
