bin_low,same_root,different_root
-0.4,0,6
-0.375,0,58
-0.35000000000000003,0,124
-0.325,0,160
-0.30000000000000004,0,348
-0.275,0,446
-0.25,0,603
-0.225,1,1028
-0.2,3,1378
-0.17500000000000002,0,2012
-0.15000000000000002,0,2749
-0.125,1,4263
-0.09999999999999998,4,6580
-0.07500000000000001,18,13113
-0.04999999999999999,41,25582
-0.025000000000000022,37,34660
0.0,79,30490
0.025000000000000022,133,19598
0.04999999999999999,262,10269
0.07500000000000001,270,5529
0.09999999999999998,312,3623
0.125,245,2393
0.15000000000000002,190,1628
0.17500000000000004,97,1222
0.20000000000000007,77,802
0.22499999999999998,63,675
0.25,55,466
0.275,43,317
0.30000000000000004,21,332
0.32500000000000007,18,387
0.35,16,246
0.375,7,116
0.4,2,114
0.42500000000000004,1,49
0.45000000000000007,3,22
0.475,5,27
0.5,1,19
0.525,2,7
0.55,1,44
0.5750000000000001,9,42
