population,cap,N,truth,term,reps,rejections,rate,ci_low,ci_high,mean_estimate,sd_estimate,mean_se
expanded,40,967,null,same_root,500,25,0.05,0.03409350665098192,0.07276865002683111,-1.5394499929572147e-06,0.00016502358217172975,0.00016942235442055117
expanded,40,967,null,gap0,500,19,0.038,0.024459922123289107,0.0585852253992656,-1.4058474362199647e-07,0.00013954846368741564,0.0001435802004930303
expanded,40,967,null,gap1_2,500,28,0.056,0.03902536261505807,0.07974529864038413,-2.1185180292557783e-06,0.00013327088914448802,0.00013714236077334082
expanded,40,967,lineage_0.03,same_root,500,468,0.936,0.9110470662066095,0.954304266434443,0.0006098085602328247,0.00017052988147357652,0.00017176327898442905
expanded,40,967,lineage_0.03,gap0,500,22,0.044,0.029233737680341678,0.06571991441984218,1.2274177981592694e-06,0.00013582392462503897,0.00014253611905291574
expanded,40,967,lineage_0.03,gap1_2,500,18,0.036,0.022890872735181415,0.05618477326149691,4.18143922110481e-07,0.00013085286020779355,0.0001358632799239409
expanded,40,967,era_0.03,same_root,500,21,0.042,0.027632099334746148,0.06335205123956134,9.8066512753609e-06,0.00017466782106442867,0.00017143495641012654
expanded,40,967,era_0.03,gap0,500,489,0.978,0.9610387448516022,0.9876721198328542,0.0005750041966595716,0.00015159955682194297,0.00014266583228210686
expanded,40,967,era_0.03,gap1_2,500,418,0.836,0.8010046749760953,0.8658715813711375,0.00041106033541565834,0.00014454185320821695,0.00013592303640096818
expanded,40,967,lineage_0.05,same_root,500,500,1.0,0.9923753814690964,0.9999999999999999,0.0016695016337589718,0.00017645797812288117,0.00017393637627629273
expanded,40,967,lineage_0.05,gap0,500,36,0.072,0.05245772605354006,0.09806894740891321,4.420496179640132e-06,0.00015022828627500977,0.00014178141553047706
expanded,40,967,lineage_0.05,gap1_2,500,35,0.07,0.05075944317125315,0.09579772876532376,4.039265635255251e-06,0.00014614009665952598,0.00013526647887077587
expanded,40,967,era_0.05,same_root,500,39,0.078,0.057581071819524224,0.10485410622055823,3.139903766805879e-05,0.0001769026196313204,0.00017252607804818076
expanded,40,967,era_0.05,gap0,500,500,1.0,0.9923753814690964,0.9999999999999999,0.0016073833877064255,0.00015074486761221413,0.0001483473970297729
expanded,40,967,era_0.05,gap1_2,500,500,1.0,0.9923753814690964,0.9999999999999999,0.0011569425840344553,0.00014289544340292303,0.0001415924336911165
expanded,40,967,lineage_0.1,same_root,500,500,1.0,0.9923753814690964,0.9999999999999999,0.006656234271313821,0.00018785912164031242,0.00018645490555240933
expanded,40,967,lineage_0.1,gap0,500,28,0.056,0.03902536261505807,0.07974529864038413,4.499500879958873e-06,0.00014679577266838104,0.00014317487183914808
expanded,40,967,lineage_0.1,gap1_2,500,38,0.076,0.05586871073410857,0.10259696578009747,5.250106237080221e-06,0.0001459896413183407,0.00013629389344334706
expanded,40,967,era_0.1,same_root,500,63,0.126,0.09973485690292784,0.1579683577581879,0.00013546676977324958,0.00018751405293950015,0.00017970563771991594
expanded,40,967,era_0.1,gap0,500,500,1.0,0.9923753814690964,0.9999999999999999,0.006437375410008342,0.00018242366467553884,0.00016140743496440723
expanded,40,967,era_0.1,gap1_2,500,500,1.0,0.9923753814690964,0.9999999999999999,0.004625387743174997,0.00017789910518720812,0.00015315736373100353
expanded,40,967,both_0.05,same_root,500,500,1.0,0.9923753814690964,0.9999999999999999,0.001694463025998532,0.00017274492281953472,0.00017591513284474352
expanded,40,967,both_0.05,gap0,500,500,1.0,0.9923753814690964,0.9999999999999999,0.0016110432039933373,0.00015550943627529914,0.00014694069747336585
expanded,40,967,both_0.05,gap1_2,500,500,1.0,0.9923753814690964,0.9999999999999999,0.0011563578856707184,0.00015135171522343905,0.0001402543085115288
