analysis,population,term,estimate,se_jackknife,ci95_low,ci95_high,ci90_low,ci90_high,p,equivalence_bound_90,outcome_mean,models,pairs
pre-registered model,primary,same_root,0.13292895500979182,0.012811314966190859,0.10781923908145875,0.15803867093812488,0.11185621712163511,0.15400169289794852,3.1918204122016644e-25,0.15400169289794852,,,
pre-registered model,primary,gap0,0.003856474655757487,0.004416136240986759,-0.004798993327398658,0.012511942638913632,-0.003407423057341424,0.011120372368856397,0.3825165008278715,0.011120372368856397,,,
root release month in place of upload month,primary,same_root,0.1310363920357968,0.011822446071172563,0.10786482352713153,0.1542079605444621,0.11159019873619044,0.15048258533540318,1.5052855838080371e-28,0.15048258533540318,,,
root release month in place of upload month,primary,gap0,-0.0006969668360874577,0.0055090970523326,-0.011494598645995127,0.01010066497382021,-0.009758625103844398,0.008364691431669482,0.899326657953235,0.009758625103844398,,,
root release month in place of upload month,primary,gap1_2,-0.0044206709287092265,0.004095741902433085,-0.012448177547449635,0.0036068356900311833,-0.011157566851983408,0.002316224994564955,0.28043914003336623,0.011157566851983408,,,
root release month in place of upload month,primary,gap3_5,-0.004442285167268492,0.003595422243029551,-0.01148918327282063,0.0026046129382836453,-0.010356228484137645,0.0014716581496006615,0.21662989204640648,0.010356228484137645,,,
root release month in place of upload month,primary,gap6_11,-0.003110491525255935,0.0035952940401599645,-0.010157138357800969,0.003936155307289098,-0.009024223967170064,0.002803240916658194,0.3869529710473416,0.009024223967170064,,,
upload month and root release month together,primary,same_root,0.1326665570418176,0.011020856197687683,0.1110660758155547,0.1542670382680805,0.1145388617529404,0.1507942523306948,2.24948446588347e-33,0.1507942523306948,,,
upload month and root release month together,primary,gap0,0.01796593557899766,0.007521491840171457,0.0032240824622497104,0.032707788695745615,0.0055941824456057394,0.030337688712389583,0.016912091949070843,0.030337688712389583,,,
upload month and root release month together,primary,root_gap0,-0.015399423928204757,0.007424187114460809,-0.02995056328703429,-0.0008482845693752218,-0.027611125030592,-0.003187722825817512,0.03805855186146132,0.027611125030592,,,
upload month and root release month together,primary,root_gap1_2,-0.017021596348780615,0.006575585172938874,-0.029909506465016392,-0.0041336862325448386,-0.027837471469817444,-0.0062057212277437865,0.009636540584569893,0.027837471469817444,,,
upload month and root release month together,primary,root_gap6_11,-0.011759711593851419,0.005854367257586768,-0.02323406057099201,-0.0002853626167108273,-0.021389288810998955,-0.0021301343767038804,0.044568159685316626,0.021389288810998955,,,
"CAPA outcome, with accuracy terms",primary,same_root,0.19361475005264323,0.020582740731759343,0.15327331951526932,0.23395618059001713,0.1597591543074071,0.22747034579787936,5.121750818270889e-21,0.22747034579787936,0.11550470340806879,,
"CAPA outcome, with accuracy terms",primary,gap0,0.01261030947645168,0.005424280149630713,0.001978915741119946,0.023241703211783413,0.0036881625987307282,0.021532456354172634,0.020083219331944104,0.021532456354172634,0.11550470340806879,,
"CAPA outcome, without accuracy terms",primary,same_root,0.39844179629595466,0.022599537228663768,0.35414751726050153,0.4427360753314078,0.3612688655179622,0.4356147270739471,1.4361704302188448e-69,0.4356147270739471,0.11550470340806879,,
"CAPA outcome, without accuracy terms",primary,gap0,0.12253923496450919,0.025703915607098934,0.07216048611293828,0.1729179838160801,0.08026005615131795,0.16481841377770043,1.8667666069340949e-06,0.16481841377770043,0.11550470340806879,,
data quality: without degenerate models,primary,same_root,0.13317631505484223,0.012987081762037072,0.10772210253697259,0.15863052757271187,0.11181446651504023,0.15453816359464423,1.1293341830965617e-24,0.15453816359464423,,569.0,161596.0
data quality: without degenerate models,primary,gap0,-0.0014477502790729373,0.0029899654428858116,-0.007307974862148479,0.004412474304002606,-0.006365805782263229,0.0034703052241173544,0.6282417981200292,0.006365805782263229,,569.0,161596.0
data quality: identical-prediction clusters collapsed,primary,same_root,0.1277225361111553,0.011255997876590351,0.10566118566297888,0.14978388655933172,0.10920806717888759,0.14623700504342302,7.669431069906308e-30,0.14623700504342302,,548.0,149878.0
data quality: identical-prediction clusters collapsed,primary,gap0,-0.0018708904507861045,0.0030139807676026766,-0.007778184205383737,0.004036403303811528,-0.0068284476479393485,0.003086666746367139,0.5347724468140506,0.0068284476479393485,,548.0,149878.0
data quality: both,primary,same_root,0.12777788779350516,0.011328504798276741,0.10557442639019356,0.14998134919681677,0.1091441555881225,0.1464116199988878,1.6601482076572517e-29,0.1464116199988878,,545.0,148240.0
data quality: both,primary,gap0,-0.002362992588436003,0.0029163599746174626,-0.008078953104640376,0.0033529679277683696,-0.007159977870181638,0.0024339926933096326,0.4177941574012086,0.007159977870181638,,545.0,148240.0
lineage dose-response: relation type,primary,ancestor-descendant,0.1729484254282827,0.013780557797230248,0.1459390284588388,0.1999578223977266,0.15028142495409413,0.19561542590247127,3.9662758992607247e-36,0.19561542590247127,,,260.0
lineage dose-response: relation type,primary,siblings,0.13518704643998647,0.009799886338400088,0.1159796221641362,0.15439447071583676,0.1190676678525569,0.15130642502741604,2.740764813238639e-43,0.15130642502741604,,,627.0
lineage dose-response: relation type,primary,more distant,0.11493410125676738,0.006495523321748677,0.1022031094854,0.12766509302813478,0.1042499161620412,0.12561828635149358,4.634997468148531e-70,0.12561828635149358,,,1101.0
lineage dose-response: tree distance,primary,distance 1,0.18489648072695364,0.01428227661041839,0.1569037329532948,0.21288922850061248,0.16140422624318276,0.2083887352107245,2.4794190567815496e-38,0.2083887352107245,,,177.0
lineage dose-response: tree distance,primary,distance 2,0.13632128055626982,0.009610199333750933,0.11748563597786718,0.15515692513467247,0.12051390932642299,0.15212865178611668,1.1336429300977355e-45,0.15212865178611668,,,699.0
lineage dose-response: tree distance,primary,distance 3+,0.11534757142858872,0.00643752374946513,0.10273025673001582,0.12796488612716161,0.10475878714069475,0.12593635571648268,8.533660413381081e-72,0.12593635571648268,,,1112.0
without models whose config contradicts the card,primary,same_root,0.13485220289413372,0.013481813660854542,0.10842833367257872,0.16127607211568873,0.11267659279619321,0.15702781299207422,1.4855718999746716e-23,0.15702781299207422,,542.0,146611.0
without models whose config contradicts the card,primary,gap0,0.00016382021847419903,0.0036004940492728064,-0.006893018444651284,0.007220658881599683,-0.0057584654772893686,0.006086105914237767,0.9637092753773661,0.006086105914237767,,542.0,146611.0
pre-registered model,primary_S2,same_root,0.11976404666510758,0.011217208396545657,0.09777872220079781,0.14174937112941735,0.10131338074977894,0.13821471258043622,1.306799633354043e-26,0.13821471258043622,,,
pre-registered model,primary_S2,gap0,-0.01450621802719106,0.008061164431389801,-0.030305809986170374,0.0012933739317882546,-0.027765653579614774,-0.0012467824747673453,0.07193663153868042,0.027765653579614774,,,
root release month in place of upload month,primary_S2,same_root,0.12173988547166424,0.009561209970250539,0.1030002582813479,0.14047951266198058,0.10601309457405307,0.13746667636927543,3.892146899717312e-37,0.13746667636927543,,,
root release month in place of upload month,primary_S2,gap0,-0.022047198604781,0.009028996433237567,-0.039743706430467235,-0.004350690779094762,-0.03689857613572371,-0.007195821073838284,0.014613365636789964,0.03689857613572371,,,
root release month in place of upload month,primary_S2,gap1_2,-0.02474976030938825,0.00942897434989687,-0.04323021044633808,-0.006269310172438414,-0.04025904296724851,-0.009240477651527986,0.008668398870271895,0.04025904296724851,,,
root release month in place of upload month,primary_S2,gap3_5,-0.022476132360044625,0.007640929160977701,-0.03745207832398277,-0.007500186396106478,-0.03504434240375806,-0.009907922316331187,0.003265800245250193,0.03504434240375806,,,
root release month in place of upload month,primary_S2,gap6_11,-0.016703845217161492,0.007359499310781515,-0.031128198810540613,-0.002279491623782371,-0.028809144351047325,-0.004598546083275659,0.023225876957866938,0.028809144351047325,,,
upload month and root release month together,primary_S2,same_root,0.12393031718134917,0.008676975534198998,0.10692375763958394,0.1409368767231144,0.10965796250295276,0.13820267185974558,2.806679967808802e-46,0.13820267185974558,,,
upload month and root release month together,primary_S2,gap0,0.013239711084694713,0.010156922291363078,-0.006667490800148961,0.03314691296953839,-0.0034669393849181013,0.029946361554307528,0.19239864523568573,0.029946361554307528,,,
upload month and root release month together,primary_S2,root_gap0,-0.032528409529790955,0.012989704266465039,-0.057987762061888715,-0.0070690569976931995,-0.053894571705512984,-0.011162247354068927,0.01227395301627655,0.053894571705512984,,,
upload month and root release month together,primary_S2,root_gap1_2,-0.03216225531680371,0.013943915908758339,-0.05949182830142515,-0.004832682332182266,-0.055097955973231194,-0.009226554660376224,0.02108025555417511,0.055097955973231194,,,
upload month and root release month together,primary_S2,root_gap6_11,-0.017787597930364288,0.009298333846038051,-0.03601199738482867,0.0004368015241000972,-0.033081996081625605,-0.0024931997791029694,0.05574963189109098,0.033081996081625605,,,
"CAPA outcome, with accuracy terms",primary_S2,same_root,0.16576210441299014,0.017807709043957676,0.13085963603966488,0.2006645727863154,0.13647102960433982,0.19505317922164045,1.2971582239003297e-20,0.19505317922164045,0.2871359961046346,,
"CAPA outcome, with accuracy terms",primary_S2,gap0,-0.0018469228437436801,0.0058448960119774586,-0.013302708520601291,0.009608862833113931,-0.011460921248198997,0.007767075560711637,0.7520108577167954,0.011460921248198997,0.2871359961046346,,
"CAPA outcome, without accuracy terms",primary_S2,same_root,0.26884579233269074,0.025991320586583662,0.2179037400723523,0.31978784459302917,0.22609387439659015,0.31159771026879135,4.470539693235453e-25,0.31159771026879135,0.2871359961046346,,
"CAPA outcome, without accuracy terms",primary_S2,gap0,0.15987912952555175,0.037885510703323334,0.08562489301113128,0.2341333660399722,0.09756300983628155,0.22219524921482195,2.4423727173807043e-05,0.22219524921482195,0.2871359961046346,,
data quality: without degenerate models,primary_S2,same_root,0.11976404666510758,0.011217208396545657,0.09777872220079781,0.14174937112941735,0.10131338074977894,0.13821471258043622,1.306799633354043e-26,0.13821471258043622,,343.0,58653.0
data quality: without degenerate models,primary_S2,gap0,-0.01450621802719106,0.008061164431389801,-0.030305809986170374,0.0012933739317882546,-0.027765653579614774,-0.0012467824747673453,0.07193663153868042,0.027765653579614774,,343.0,58653.0
data quality: identical-prediction clusters collapsed,primary_S2,same_root,0.11661053554157735,0.010615524493828504,0.0958044898566707,0.137416581226484,0.09914955157591135,0.13407151950724336,4.517100744500192e-28,0.13407151950724336,,328.0,53628.0
data quality: identical-prediction clusters collapsed,primary_S2,gap0,-0.015073136271045685,0.00795701151143697,-0.03066859225803277,0.0005223197159413984,-0.028161255515327402,-0.00198501702676397,0.05818237745191699,0.028161255515327402,,328.0,53628.0
data quality: both,primary_S2,same_root,0.11661053554157735,0.010615524493828504,0.0958044898566707,0.137416581226484,0.09914955157591135,0.13407151950724336,4.517100744500192e-28,0.13407151950724336,,328.0,53628.0
data quality: both,primary_S2,gap0,-0.015073136271045685,0.00795701151143697,-0.03066859225803277,0.0005223197159413984,-0.028161255515327402,-0.00198501702676397,0.05818237745191699,0.028161255515327402,,328.0,53628.0
pre-registered model,expanded,same_root,0.12744569463292382,0.009013830464467154,0.10977891155981825,0.1451124777060294,0.11261926290071936,0.1422721263651283,2.1865958497864538e-45,0.1422721263651283,,,
pre-registered model,expanded,gap0,0.005908971663136899,0.004208588134783833,-0.002339709506802015,0.014157652833075813,-0.0010135397947072184,0.012831483120981018,0.16031078913148866,0.012831483120981018,,,
root release month in place of upload month,expanded,same_root,0.11879978453714736,0.008904520905633309,0.10134724426252209,0.13625232481177263,0.10415315102925121,0.1334464180450435,1.3273724085086747e-40,0.1334464180450435,,,
root release month in place of upload month,expanded,gap0,0.00917997994867339,0.00662115190107563,-0.0037972393136037567,0.022157199210950537,-0.0017108457704074955,0.020070805667754273,0.16560567122176117,0.020070805667754273,,,
root release month in place of upload month,expanded,gap1_2,-0.0016642323646404206,0.0033558305416184916,-0.008241539364432207,0.0049130746351513654,-0.007184082402456118,0.0038556176731752777,0.6199489873093542,0.007184082402456118,,,
root release month in place of upload month,expanded,gap3_5,-0.0021146378660385724,0.003386596890029162,-0.008752245800651084,0.004522970068573939,-0.007685094043625614,0.0034558183115484696,0.5323558581103014,0.007685094043625614,,,
root release month in place of upload month,expanded,gap6_11,-0.0020306898606617533,0.003607633306792744,-0.009101521211402671,0.0050401414900791645,-0.00796471859005073,0.003903338868727224,0.5735118383898924,0.00796471859005073,,,
upload month and root release month together,expanded,same_root,0.11891371800766992,0.008949091169672145,0.1013738216207471,0.13645361439459275,0.10419377293931531,0.13363366307602453,2.724784641934147e-40,0.13363366307602453,,,
upload month and root release month together,expanded,gap0,0.006971258228882085,0.0059182287331442035,-0.0046282569403506635,0.018570773398114835,-0.0027633617679585732,0.016705878225722743,0.23882457745395758,0.016705878225722743,,,
upload month and root release month together,expanded,root_gap0,0.004567205878530623,0.008247928259793438,-0.01159843645773464,0.020732848214795888,-0.008999428834426157,0.018133840591487402,0.5797569550405091,0.018133840591487402,,,
upload month and root release month together,expanded,root_gap1_2,-0.005952611583904108,0.004713402437162714,-0.015190710605386345,0.0032854874375781275,-0.013705468677953105,0.0018002455101448897,0.2066208766445763,0.013705468677953105,,,
upload month and root release month together,expanded,root_gap6_11,-0.006016065460272929,0.003779487433016428,-0.013423724709006869,0.00139159378846101,-0.01223276907248751,0.0002006381519416506,0.11143694342151439,0.01223276907248751,,,
"CAPA outcome, with accuracy terms",expanded,same_root,0.18335770371679305,0.013810368007294746,0.15628987980925116,0.21042552762433495,0.16064166981045971,0.2060737376231264,3.1553126839486266e-40,0.2060737376231264,0.12988817228851893,,
"CAPA outcome, with accuracy terms",expanded,gap0,0.013509174743193447,0.005051967403062783,0.0036075005821200445,0.023410848904266847,0.00519942783702502,0.021818921649361875,0.007494298874291756,0.021818921649361875,0.12988817228851893,,
"CAPA outcome, without accuracy terms",expanded,same_root,0.3401120577653,0.024775534544769495,0.29155290235982384,0.3886712131707762,0.2993599299096744,0.3808641856209256,6.926191609598155e-43,0.3808641856209256,0.12988817228851893,,
"CAPA outcome, without accuracy terms",expanded,gap0,0.12941975223609992,0.019133364282800477,0.09191904733872594,0.1669204571334739,0.0979481685997518,0.16089133587244803,1.3415189393026311e-11,0.16089133587244803,0.12988817228851893,,
data quality: without degenerate models,expanded,same_root,0.1280855844596825,0.0094106419316071,0.10964106520233013,0.14653010371703484,0.11260645594653694,0.14356471297282802,3.458340500326919e-42,0.14356471297282802,,898.0,402753.0
data quality: without degenerate models,expanded,gap0,0.002753166123435654,0.003778806556964512,-0.004653158632758593,0.010159490879629902,-0.003462417547335427,0.008968749794206735,0.4662580911936306,0.008968749794206735,,898.0,402753.0
data quality: identical-prediction clusters collapsed,expanded,same_root,0.12482406670381677,0.00883718539028954,0.10750350161414574,0.1421446317934878,0.11028819026255646,0.13935994314507708,2.669039611993922e-45,0.13935994314507708,,870.0,378015.0
data quality: identical-prediction clusters collapsed,expanded,gap0,0.0016941419096347372,0.0037529477674263577,-0.005661500550380927,0.009049784369650402,-0.004478907837375937,0.00786719165664541,0.6516895156466227,0.00786719165664541,,870.0,378015.0
data quality: both,expanded,same_root,0.12452366735480737,0.008847011290579425,0.10718384385445247,0.14186349085516226,0.10997162874581717,0.13907570596379756,5.393358014574492e-45,0.13907570596379756,,866.0,374545.0
data quality: both,expanded,gap0,0.001967027412392084,0.0037676244656913048,-0.0054173808476348385,0.009351435672419006,-0.0042301633549913596,0.008164218179775529,0.6016098206185339,0.008164218179775529,,866.0,374545.0
pre-registered model,expanded_S2,same_root,0.12196399479512887,0.008491451972622358,0.10532105475233745,0.1386069348379203,0.10799679921987676,0.13593119037038098,8.812924707909183e-47,0.13593119037038098,,,
pre-registered model,expanded_S2,gap0,-0.008893965868186983,0.0065965581986134275,-0.021822982359391715,0.004035050623017752,-0.019744338546572746,0.001956406810198782,0.17757037082173,0.019744338546572746,,,
root release month in place of upload month,expanded_S2,same_root,0.11168952081286604,0.00792717143431411,0.09615255030233566,0.12722649132339642,0.09865048412766837,0.1247285574980637,4.409548857650331e-45,0.1247285574980637,,,
root release month in place of upload month,expanded_S2,gap0,0.0009001559118127166,0.009240822754578458,-0.017211523874679276,0.019011835698304707,-0.014299644912071351,0.016099956735696783,0.9224001705389139,0.016099956735696783,,,
root release month in place of upload month,expanded_S2,gap1_2,-0.013616737023849895,0.0061977647017653825,-0.025764132623963674,-0.0014693414237361164,-0.023811152772540492,-0.003422321275159297,0.02801758885492959,0.023811152772540492,,,
root release month in place of upload month,expanded_S2,gap3_5,-0.01291923890883893,0.006069137188060838,-0.02481452921467087,-0.0010239486030069918,-0.022902081225086857,-0.002936396592591003,0.033280908892107754,0.022902081225086857,,,
root release month in place of upload month,expanded_S2,gap6_11,-0.014762218084772334,0.006310397671127499,-0.027130370248307663,-0.002394065921237004,-0.025141898581632523,-0.004382537587912145,0.0193174147151276,0.025141898581632523,,,
upload month and root release month together,expanded_S2,same_root,0.11171237769422046,0.008115602764672807,0.09580608856262807,0.12761866682581285,0.098363399051851,0.12506135633658994,4.131047743498809e-43,0.12506135633658994,,,
upload month and root release month together,expanded_S2,gap0,-0.0066879811515799595,0.007125094232525425,-0.02065290923378385,0.0072769469306239315,-0.01840771824232042,0.005031755939160502,0.34790964716335626,0.01840771824232042,,,
upload month and root release month together,expanded_S2,root_gap0,0.004783759216818688,0.011559583999574585,-0.01787260909861297,0.027440127532250343,-0.01423006445093177,0.023797582884569145,0.6789950273847929,0.023797582884569145,,,
upload month and root release month together,expanded_S2,root_gap1_2,-0.009054841125920556,0.007133464781176143,-0.023036175182010694,0.004926492930169581,-0.020788346543968723,0.002678664292127611,0.20431737988370635,0.020788346543968723,,,
upload month and root release month together,expanded_S2,root_gap6_11,-0.00737740381862729,0.005439822367152116,-0.01803925974054086,0.0032844521032862808,-0.016325115369209192,0.0015703077319546097,0.17504041153221006,0.016325115369209192,,,
"CAPA outcome, with accuracy terms",expanded_S2,same_root,0.16923950476767635,0.012938232237091986,0.14388103555936096,0.19459797397599174,0.14795800654615515,0.19052100298919755,4.252167842650419e-39,0.19052100298919755,0.282143817495083,,
"CAPA outcome, with accuracy terms",expanded_S2,gap0,0.0017961972027380685,0.006180533809538036,-0.01031742646918862,0.013909820874664757,-0.008369876250376768,0.011962270655852906,0.7713406668261148,0.011962270655852906,0.282143817495083,,
"CAPA outcome, without accuracy terms",expanded_S2,same_root,0.26881706906961894,0.017971703030662364,0.23359317838867139,0.3040409597505665,0.2392562481571392,0.2983778899820987,1.385385232275464e-50,0.2983778899820987,0.282143817495083,,
"CAPA outcome, without accuracy terms",expanded_S2,gap0,0.13536825219773935,0.042700794567372566,0.05167623273444552,0.21906027166103317,0.06513169537988688,0.2056048090155918,0.001523562309876124,0.2056048090155918,0.282143817495083,,
data quality: without degenerate models,expanded_S2,same_root,0.12196399479512887,0.008491451972622358,0.10532105475233745,0.1386069348379203,0.10799679921987676,0.13593119037038098,8.812924707909183e-47,0.13593119037038098,,589.0,173166.0
data quality: without degenerate models,expanded_S2,gap0,-0.008893965868186983,0.0065965581986134275,-0.021822982359391715,0.004035050623017752,-0.019744338546572746,0.001956406810198782,0.17757037082173,0.019744338546572746,,589.0,173166.0
data quality: identical-prediction clusters collapsed,expanded_S2,same_root,0.1196144902407086,0.007746738628554852,0.10443116153109587,0.1347978189503213,0.10687223911048507,0.13235674137093212,8.724995315104552e-54,0.13235674137093212,,568.0,161028.0
data quality: identical-prediction clusters collapsed,expanded_S2,gap0,-0.008819664940687979,0.006652769496489757,-0.02185885355125457,0.004219523669878614,-0.01976249697626127,0.0021231670948853153,0.18493468342211117,0.01976249697626127,,568.0,161028.0
data quality: both,expanded_S2,same_root,0.1196144902407086,0.007746738628554852,0.10443116153109587,0.1347978189503213,0.10687223911048507,0.13235674137093212,8.724995315104552e-54,0.13235674137093212,,568.0,161028.0
data quality: both,expanded_S2,gap0,-0.008819664940687979,0.006652769496489757,-0.02185885355125457,0.004219523669878614,-0.01976249697626127,0.0021231670948853153,0.18493468342211117,0.01976249697626127,,568.0,161028.0
