sample,check,term,estimate,se_jackknife,ci_lo,ci_hi,pairs,jk_top1_share,jk_top5_share,jk_top10_share,loo_min,loo_max,same_root_pairs,removed,uploaders,same_root_same_uploader,same_uploader_diff_root
primary,pre-specified model,same_root,0.132928955009913,0.012811314966190859,0.10781923908157993,0.15803867093824606,173755,0.6855742759178596,0.8639422840022163,0.9290202930378063,0.13096080872455942,0.14356355035645904,,,,,
primary,without the two largest roots,same_root,0.1595047440986197,0.01610949173628264,0.1279307204862601,0.19107876771097929,131841,,,,,,613.0,meta-llama/Meta-Llama-3-8B + mistralai/Mistral-7B-v0.1,,,
primary,controlling for same uploader,same_root,0.129340336725608,0.010904836649968908,0.10796724963437651,0.15071342381683947,173755,,,,,,,,238.0,140.0,1186.0
primary,controlling for same uploader,same_uploader,0.06748012971632178,0.014181394746356652,0.039685106762917206,0.09527515266972636,173755,,,,,,,,,,
primary,excluding same-root pairs by one uploader,same_root,0.12295397902040671,0.009155326815493758,0.10500986819534516,0.14089808984546826,173615,,,,,,,,,,
expanded,pre-specified model,same_root,0.12744569463324842,0.009013830464467154,0.10977891156014286,0.145112477706354,430128,0.37776160135593156,0.7717750600932226,0.8926488625347552,0.12519955056875667,0.13299425813392668,,,,,
expanded,without the two largest roots,same_root,0.13785168402907313,0.01110547219290183,0.1160853584996745,0.15961800955847177,359976,,,,,,3315.0,meta-llama/Meta-Llama-3-8B + mistralai/Mistral-7B-v0.1,,,
expanded,controlling for same uploader,same_root,0.12295765113859085,0.008397829571966896,0.10649820762923032,0.13941709464795138,430128,,,,,,,,376.0,456.0,1586.0
expanded,controlling for same uploader,same_uploader,0.05327477251478468,0.011145150287334172,0.03143067934932346,0.0751188656802459,430128,,,,,,,,,,
expanded,excluding same-root pairs by one uploader,same_root,0.11951648068588264,0.008219396432643371,0.10340675970324463,0.13562620166852063,429672,,,,,,,,,,
